1740517657,967755309,,0.07934542000293732,0.0,1.1150553226470947,0.0,0.0
1740517657,977909107,,0.10400745272636414,0.0,1.1150553226470947,0.0,0.0
1740517657,990848533,,0.15684270858764648,0.0,1.1150553226470947,0.0,0.0
1740517658,338836,,0.19559136033058167,0.0,1.1150553226470947,0.0,0.0
1740517658,11558820,,0.23081834614276886,0.0,1.2187875509262085,0.0,0.0
1740517658,14781668,,0.23786164820194244,0.0,1.2187875509262085,0.0,0.0
1740517658,17922499,,0.24138329923152924,0.0,1.2187875509262085,0.0,0.0
1740517658,29672249,,0.28365358710289,0.0,1.2187875509262085,0.0,0.0
1740517658,40872393,,0.30831560492515564,0.0,0.9078994393348694,0.0,0.0
1740517658,55048726,,0.318880558013916,0.0,0.8043214678764343,0.0,0.0
1740517658,73480142,,0.2942185401916504,0.0,0.7525324821472168,0.0,0.0
1740517658,94721122,,0.24138329923152924,0.0,0.7525324821472168,0.0,0.0
1740517658,109556534,,0.1251373589038849,0.0,0.7525324821472168,0.0,0.0
1740517658,118773650,,0.01594521850347519,0.0,0.7525324821472168,0.0,0.0
1740517658,130235013,,0.0,0.0,0.7525324821472168,0.0,0.0
1740517658,163345487,,0.0,0.0,1.063266396522522,0.0,0.0
1740517658,180993535,,0.0,0.0,1.2187875509262085,0.0,0.0
1740517658,222113274,,0.0,0.0,1.2705764770507812,0.0,0.0
1740517658,556549636,,-0.31182679533958435,0.0,1.6330993175506592,0.0,0.0
1740517658,577326355,,-0.31887009739875793,0.0,1.943987488746643,0.0,0.0
1740517658,620464386,,-0.31887009739875793,0.0,1.943987488746643,0.0,0.0
1740517658,631571441,,-0.31887009739875793,0.0,1.943987488746643,0.0,0.0
1740517658,662777640,,-0.3294350504875183,0.0,1.943987488746643,0.0,0.0
1740517658,673269457,,-0.3400000035762787,0.0,2.047565460205078,0.0,0.0
1740517658,736054404,,-0.3400000035762787,0.0,2.0993545055389404,0.0,0.0
1740517658,796348446,,-0.3400000035762787,0.0,1.788466215133667,0.0,0.0
1740517658,816059426,,-0.3400000035762787,0.0,1.6330993175506592,0.0,0.0
1740517658,838700708,,-0.3400000035762787,0.0,1.5295213460922241,0.0,0.0
1740517658,849811443,,-0.3400000035762787,0.0,1.3741543292999268,0.0,0.0
1740517658,874786604,,-0.3400000035762787,0.0,1.1150553226470947,0.0,0.0
1740517658,882891517,,-0.3400000035762787,0.0,0.9596884250640869,0.0,0.0
1740517658,915942951,,-0.3400000035762787,0.0,0.8043214678764343,0.0,0.0
1740517658,936204562,,-0.3400000035762787,0.0,0.7525324821472168,0.0,0.0
1740517658,948498220,,-0.3400000035762787,0.0,0.44164445996284485,0.0,0.0
1740517659,1834465,,-0.3400000035762787,0.0,0.44164445996284485,0.0,0.0
1740517659,21971721,,-0.3400000035762787,0.0,0.3898554742336273,0.0,0.0
1740517659,32834325,,-0.3400000035762787,0.0,0.3898554742336273,0.0,0.0
1740517659,84068083,,-0.3400000035762787,0.0,0.3898554742336273,0.0,0.0
1740517659,138157037,,-0.3400000035762787,0.0,0.3898554742336273,0.0,0.0
1740517659,200944701,,-0.3400000035762787,0.0,0.7525324821472168,0.0,0.0
1740517659,222455251,,-0.3400000035762787,0.0,0.9596884250640869,0.0,0.0
1740517659,235746423,,-0.3223917484283447,0.0,1.063266396522522,0.0,0.0
1740517659,249883076,,-0.24841612577438354,0.0,1.063266396522522,0.0,0.0
1740517659,273518959,,-0.06172667816281319,0.0,1.1150553226470947,0.0,0.0
1740517659,281107835,,0.0,0.0,1.1150553226470947,0.0,0.0
1740517659,292929712,,0.0,0.0,1.1150553226470947,0.0,0.0
1740517659,343044003,,0.0,0.0,1.1150553226470947,0.0,0.0
1740517659,397547041,,0.0,0.0,1.3741543292999268,0.0,0.0
1740517659,409084340,,0.0,0.0,1.7366772890090942,0.0,0.0
1740517659,421660721,,0.0,0.0,1.788466215133667,0.0,0.0
1740517659,474537343,,0.0,0.0,1.788466215133667,0.0,0.0
1740517659,528984860,,0.0,0.0,1.788466215133667,0.0,0.0
1740517659,579394322,,0.0,0.0,1.2187875509262085,0.0,0.0
1740517659,611891669,,0.0,0.0,1.1150553226470947,0.0,0.0
1740517659,651572192,,0.0,0.0,1.063266396522522,0.0,0.0
1740517659,672062412,,0.0,0.0,0.9596884250640869,0.0,0.0
1740517659,723734734,,-0.0546833761036396,0.0,0.9596884250640869,0.0,0.0
1740517659,741384093,,-0.06524833291769028,0.0,0.9596884250640869,0.0,0.0
1740517659,755311848,,-0.1251268833875656,0.0,1.425943374633789,0.0,0.0
1740517659,766014514,,-0.14626726508140564,0.0,1.425943374633789,0.0,0.0
1740517659,791642545,,-0.15683221817016602,0.0,1.425943374633789,0.0,0.0
1740517659,797383978,,-0.18853755295276642,0.0,1.425943374633789,0.0,0.0
1740517659,809570435,,-0.21672126650810242,0.0,1.425943374633789,0.0,0.0
1740517659,819909034,,-0.23080787062644958,0.0,1.425943374633789,0.0,0.0
1740517659,854745381,,-0.2625131905078888,0.0,1.5295213460922241,0.0,0.0
1740517659,893339237,,-0.2625131905078888,0.0,1.063266396522522,0.0,0.0
1740517659,904853751,,-0.23080787062644958,0.0,0.9596884250640869,0.0,0.0
1740517659,915873445,,-0.14978891611099243,0.0,0.9596884250640869,0.0,0.0
1740517659,929111785,,-0.11104027926921844,0.0,0.9596884250640869,0.0,0.0
1740517659,949701493,,-0.04059677571058273,0.0,0.9596884250640869,0.0,0.0
1740517659,960028860,,0.0,0.0,0.9596884250640869,0.0,0.0
1740517659,981472689,,0.0,0.0,0.9078994393348694,0.0,0.0
1740517660,46098355,,0.0,0.0,0.9078994393348694,0.0,0.0
1740517660,77258152,,0.0,0.0,1.2187875509262085,0.0,0.0
1740517660,131246879,,0.0,0.0,1.2187875509262085,0.0,0.0
1740517660,183016928,,0.0,0.0,1.2187875509262085,0.0,0.0
1740517660,237801183,,0.0,0.0,1.3741543292999268,0.0,0.0
1740517660,258366219,,0.0,0.0,1.943987488746643,0.0,0.0
1740517660,273149310,,0.0,0.0,2.0993545055389404,0.0,0.0
1740517660,324775229,,0.0,0.0,1.7366772890090942,0.0,0.0
1740517660,345866926,,0.0,0.0,1.1150553226470947,0.0,0.0
1740517660,368293485,,0.0,0.0,0.9596884250640869,0.0,0.0
1740517660,390150629,,0.0,0.0,0.8043214678764343,0.0,0.0
1740517660,410450703,,0.0,0.0,0.7525324821472168,0.0,0.0
1740517660,460247324,,0.0,0.0,0.7525324821472168,0.0,0.0
1740517660,515576481,,0.0,0.0,0.7525324821472168,0.0,0.0
1740517660,580806855,,0.0,0.0,1.063266396522522,0.0,0.0
1740517660,610123530,,0.0,0.0,1.2705764770507812,0.0,0.0
1740517660,620541297,,0.0,0.0,1.7366772890090942,0.0,0.0
1740517660,633649523,,0.0,0.0,1.8921984434127808,0.0,0.0
1740517660,654207903,,0.0,0.0,2.047565460205078,0.0,0.0
1740517660,714959161,,0.0,0.0,1.5295213460922241,0.0,0.0
1740517660,728035419,,0.0,0.0,1.425943374633789,0.0,0.0
1740517660,749558640,,0.0,0.0,1.2187875509262085,0.0,0.0
1740517660,757370462,,0.0,0.0,0.9596884250640869,0.0,0.0
1740517660,809616164,,0.0,0.0,0.9596884250640869,0.0,0.0
1740517660,830326001,,0.0,0.0,0.9078994393348694,0.0,0.0
1740517660,885443507,,0.0,0.0,0.9078994393348694,0.0,0.0
1740517660,940699991,,0.0,0.0,0.9078994393348694,0.0,0.0
1740517660,988460176,,0.0,0.0,0.9078994393348694,0.0,0.0
1740517661,41236986,,0.0,0.0,0.9078994393348694,0.0,0.0
1740517661,114484078,,0.0,0.0,0.9078994393348694,0.0,0.0
1740517661,172157160,,0.0,0.0,0.9078994393348694,0.0,0.0
1740517661,228574453,,0.005380264949053526,0.0,0.9078994393348694,0.0,0.0
1740517661,249293250,,0.026510171592235565,0.0,0.9078994393348694,0.0,0.0
1740517661,260001388,,0.054693859070539474,0.0,0.9078994393348694,0.0,0.0
1740517661,285253829,,0.10400745272636414,0.0,0.9078994393348694,0.0,0.0
1740517661,296718710,,0.1216157078742981,0.0,0.9078994393348694,0.0,0.0
1740517661,318039945,,0.1251373589038849,0.0,0.9078994393348694,0.0,0.0
1740517661,380055758,,0.1251373589038849,0.0,0.9078994393348694,0.0,0.0
1740517661,396104076,,0.16036435961723328,0.0,0.9078994393348694,0.0,0.0
1740517661,406964599,,0.1744614541530609,0.0,0.9078994393348694,0.0,0.0
1740517661,418420713,,0.1850264072418213,0.0,0.9078994393348694,0.0,0.0
1740517661,422157198,,0.19559136033058167,0.0,0.9078994393348694,0.0,0.0
1740517661,444303880,,0.2132100909948349,0.0,0.8043214678764343,0.0,0.0
1740517661,457381193,,0.2132100909948349,0.0,0.7525324821472168,0.0,0.0
1740517661,506839890,,0.1850264072418213,0.0,0.7525324821472168,0.0,0.0
1740517661,517897503,,0.15684270858764648,0.0,0.7525324821472168,0.0,0.0
1740517661,530700894,,0.026510171592235565,0.0,0.7525324821472168,0.0,0.0
1740517661,558878420,,0.005380264949053526,0.0,0.7525324821472168,0.0,0.0
1740517661,585918783,,0.005380264949053526,0.0,0.5971655249595642,0.0,0.0
1740517661,597459153,,0.005380264949053526,0.0,0.3898554742336273,0.0,0.0
1740517661,610126030,,0.01946686953306198,0.0,0.28627750277519226,0.0,0.0
1740517661,622639210,,0.0441289059817791,0.0,0.23448851704597473,0.0,0.0
1740517661,633081233,,0.07230211794376373,0.0,0.23448851704597473,0.0,0.0
1740517661,644091518,,0.08992084860801697,0.0,0.23448851704597473,0.0,0.0
1740517661,658822640,,0.10752910375595093,0.0,0.23448851704597473,0.0,0.0
1740517661,671735439,,0.11457240581512451,0.0,0.7007434964179993,0.0,0.0
1740517661,685931163,,0.1251373589038849,0.0,0.7525324821472168,0.0,0.0
1740517661,696343138,,0.1251373589038849,0.0,0.9596884250640869,0.0,0.0
1740517661,726784239,,0.1251373589038849,0.0,1.063266396522522,0.0,0.0
1740517661,752026440,,0.1251373589038849,0.0,1.425943374633789,0.0,0.0
1740517661,760091288,,0.1251373589038849,0.0,1.7366772890090942,0.0,0.0
1740517661,777606821,,0.1251373589038849,0.0,1.8921984434127808,0.0,0.0
1740517661,793358625,,0.1251373589038849,0.0,2.047565460205078,0.0,0.0
1740517661,806230080,,0.14275610446929932,0.0,2.047565460205078,0.0,0.0
1740517661,826872556,,0.16740766167640686,0.0,2.0993545055389404,0.0,0.0
1740517661,842365061,,0.16740766167640686,0.0,2.2547214031219482,0.0,0.0
1740517661,856194061,,0.1744614541530609,0.0,2.2547214031219482,0.0,0.0
1740517661,910253283,,0.1744614541530609,0.0,2.2547214031219482,0.0,0.0
1740517661,951496859,,0.1497994065284729,0.0,2.2547214031219482,0.0,0.0
1740517661,961711200,,0.1497994065284729,0.0,1.8921984434127808,0.0,0.0
1740517661,972702924,,0.13923445343971252,0.0,1.8921984434127808,0.0,0.0
1740517662,3052312,,0.13219115138053894,0.0,1.8921984434127808,0.0,0.0
1740517662,24709933,,0.1216157078742981,0.0,1.788466215133667,0.0,0.0
1740517662,40212838,,0.10752910375595093,0.0,1.7366772890090942,0.0,0.0
1740517662,43721833,,0.10400745272636414,0.0,1.3741543292999268,0.0,0.0
1740517662,62990470,,0.07934542000293732,0.0,1.3741543292999268,0.0,0.0
1740517662,96154669,,0.07230211794376373,0.0,1.3741543292999268,0.0,0.0
1740517662,115990032,,0.05117220804095268,0.0,1.3741543292999268,0.0,0.0
1740517662,129382484,,0.03355347365140915,0.0,1.3741543292999268,0.0,0.0
1740517662,139821211,,0.026510171592235565,0.0,1.3741543292999268,0.0,0.0
1740517662,160455686,,0.026510171592235565,0.0,1.063266396522522,0.0,0.0
1740517662,185347259,,0.07934542000293732,0.0,0.7525324821472168,0.0,0.0
1740517662,205333120,,0.1216157078742981,0.0,0.5452224016189575,0.0,0.0
1740517662,223708341,,0.13219115138053894,0.0,0.3898554742336273,0.0,0.0
1740517662,229133962,,0.16740766167640686,0.0,0.3898554742336273,0.0,0.0
1740517662,240528154,,0.1850264072418213,0.0,0.28627750277519226,0.0,0.0
1740517662,260731201,,0.20263466238975525,0.0,0.23448851704597473,0.0,0.0
1740517662,281842513,,0.20615631341934204,0.0,0.44164445996284485,0.0,0.0
1740517662,293713990,,0.20615631341934204,0.0,0.5971655249595642,0.0,0.0
1740517662,315662270,,0.20615631341934204,0.0,0.7525324821472168,0.0,0.0
1740517662,374707875,,0.20615631341934204,0.0,0.7525324821472168,0.0,0.0
1740517662,424377004,,0.20615631341934204,0.0,0.7525324821472168,0.0,0.0
1740517662,471342491,,0.22025339305400848,0.0,0.23448851704597473,0.0,0.0
1740517662,488685830,,0.22377504408359528,0.0,0.23448851704597473,0.0,0.0
1740517662,518274697,,0.23081834614276886,0.0,0.13091053068637848,0.0,0.0
1740517662,580884849,,0.23081834614276886,0.0,0.13091053068637848,0.0,0.0
1740517662,622769550,,0.23081834614276886,0.0,0.13091053068637848,0.0,0.0
1740517662,679281626,,0.23081834614276886,0.0,0.13091053068637848,0.0,0.0
1740517662,697224651,,0.23081834614276886,0.0,0.5452224016189575,0.0,0.0
1740517662,723830705,,0.24138329923152924,0.0,0.7525324821472168,0.0,0.0
1740517662,744375547,,0.2554803788661957,0.0,0.7525324821472168,0.0,0.0
1740517662,761645669,,0.26604533195495605,0.0,0.3898554742336273,0.0,0.0
1740517662,778715501,,0.27308863401412964,0.0,0.23448851704597473,0.0,0.0
1740517662,806165243,,0.27308863401412964,0.0,0.7525324821472168,0.0,0.0
1740517662,816008476,,0.27308863401412964,0.0,1.063266396522522,0.0,0.0
1740517662,839630757,,0.27308863401412964,0.0,1.425943374633789,0.0,0.0
1740517662,883074288,,0.27308863401412964,0.0,1.063266396522522,0.0,0.0
1740517662,903259991,,0.27308863401412964,0.0,0.9078994393348694,0.0,0.0
1740517662,912675252,,0.27308863401412964,0.0,0.8043214678764343,0.0,0.0
1740517662,965221145,,0.27308863401412964,0.0,0.8043214678764343,0.0,0.0
1740517663,37696930,,0.2906968891620636,0.0,0.8043214678764343,0.0,0.0
1740517663,48990416,,0.30127230286598206,0.0,0.8043214678764343,0.0,0.0
1740517663,60567074,,0.31183725595474243,0.0,0.8043214678764343,0.0,0.0
1740517663,83032606,,0.318880558013916,0.0,0.7525324821472168,0.0,0.0
1740517663,97864784,,0.318880558013916,0.0,0.5971655249595642,0.0,0.0
1740517663,107670384,,0.318880558013916,0.0,0.3898554742336273,0.0,0.0
1740517663,149879662,,0.318880558013916,0.0,0.3898554742336273,0.0,0.0
1740517663,204414853,,0.2942185401916504,0.0,0.3898554742336273,0.0,0.0
1740517663,224797933,,0.27661028504371643,0.0,0.3898554742336273,0.0,0.0
1740517663,249907780,,0.24842660129070282,0.0,0.3898554742336273,0.0,0.0
1740517663,308984200,,0.24842660129070282,0.0,0.3898554742336273,0.0,0.0
1740517663,356166358,,0.24842660129070282,0.0,0.3898554742336273,0.0,0.0
1740517663,407722064,,0.24842660129070282,0.0,0.7007434964179993,0.0,0.0
1740517663,432724166,,0.27308863401412964,0.0,0.8043214678764343,0.0,0.0
1740517663,445894599,,0.28365358710289,0.0,0.9078994393348694,0.0,0.0
1740517663,489782646,,0.28365358710289,0.0,0.7007434964179993,0.0,0.0
1740517663,549297277,,0.28365358710289,0.0,0.9078994393348694,0.0,0.0
1740517663,559586658,,0.28365358710289,0.0,1.063266396522522,0.0,0.0
1740517663,612980782,,0.28365358710289,0.0,1.063266396522522,0.0,0.0
1740517663,664124804,,0.28365358710289,0.0,1.063266396522522,0.0,0.0
1740517663,716463110,,0.28365358710289,0.0,0.8043214678764343,0.0,0.0
1740517663,770235957,,0.28365358710289,0.0,0.8043214678764343,0.0,0.0
1740517663,833683492,,0.28365358710289,0.0,0.7007434964179993,0.0,0.0
1740517663,846946438,,0.28365358710289,0.0,0.44164445996284485,0.0,0.0
1740517663,895028958,,0.28365358710289,0.0,0.44164445996284485,0.0,0.0
1740517663,944118367,,0.26604533195495605,0.0,0.44164445996284485,0.0,0.0
1740517663,957351617,,0.25900202989578247,0.0,0.44164445996284485,0.0,0.0
1740517664,10750637,,0.25900202989578247,0.0,0.44164445996284485,0.0,0.0
1740517664,64537883,,0.25900202989578247,0.0,0.44164445996284485,0.0,0.0
1740517664,113503098,,0.25900202989578247,0.0,0.44164445996284485,0.0,0.0
1740517664,137651334,,0.24842660129070282,0.0,0.44164445996284485,0.0,0.0
1740517664,144902605,,0.24138329923152924,0.0,0.8043214678764343,0.0,0.0
1740517664,155419316,,0.2132100909948349,0.0,0.8043214678764343,0.0,0.0
1740517664,166422495,,0.19206970930099487,0.0,0.9596884250640869,0.0,0.0
1740517664,177367082,,0.1497994065284729,0.0,1.063266396522522,0.0,0.0
1740517664,189150142,,0.10400745272636414,0.0,1.1150553226470947,0.0,0.0
1740517664,211049236,,0.07230211794376373,0.0,1.425943374633789,0.0,0.0
1740517664,223778544,,0.06878046691417694,0.0,1.788466215133667,0.0,0.0
1740517664,243729971,,0.06878046691417694,0.0,1.8921984434127808,0.0,0.0
1740517664,265145829,,0.054693859070539474,0.0,1.943987488746643,0.0,0.0
1740517664,277447069,,0.03707512468099594,0.0,1.943987488746643,0.0,0.0
1740517664,285875279,,0.03355347365140915,0.0,2.047565460205078,0.0,0.0
1740517664,296950908,,0.01946686953306198,0.0,2.047565460205078,0.0,0.0
1740517664,361732533,,0.06173716112971306,0.0,2.047565460205078,0.0,0.0
1740517664,363031842,,0.07934542000293732,0.0,2.047565460205078,0.0,0.0
1740517664,390751377,,0.1251373589038849,0.0,1.425943374633789,0.0,0.0
1740517664,409018596,,0.1497994065284729,0.0,1.3741543292999268,0.0,0.0
1740517664,411555548,,0.1744614541530609,0.0,1.3741543292999268,0.0,0.0
1740517664,421219131,,0.19206970930099487,0.0,1.3741543292999268,0.0,0.0
1740517664,432013573,,0.2132100909948349,0.0,1.3741543292999268,0.0,0.0
1740517664,444154331,,0.22377504408359528,0.0,1.2705764770507812,0.0,0.0
1740517664,447970145,,0.23081834614276886,0.0,1.2705764770507812,0.0,0.0
1740517664,461078529,,0.24138329923152924,0.0,1.2705764770507812,0.0,0.0
1740517664,473664956,,0.2554803788661957,0.0,1.2705764770507812,0.0,0.0
1740517664,485102572,,0.26604533195495605,0.0,1.2705764770507812,0.0,0.0
1740517664,486760092,,0.28365358710289,0.0,1.2705764770507812,0.0,0.0
1740517664,500812773,,0.30127230286598206,0.0,1.2705764770507812,0.0,0.0
1740517664,511814257,,0.3259238600730896,0.0,1.2705764770507812,0.0,0.0
1740517664,524485165,,0.3400000035762787,0.0,1.2705764770507812,0.0,0.0
1740517664,544388335,,0.3400000035762787,0.0,1.2705764770507812,0.0,0.0
1740517664,596734479,,0.3400000035762787,0.0,1.2705764770507812,0.0,0.0
1740517664,629498352,,0.3400000035762787,0.0,1.2705764770507812,0.0,0.0
1740517664,660506079,,0.3400000035762787,0.0,1.2705764770507812,0.0,0.0
1740517664,681018024,,0.3400000035762787,0.0,1.2187875509262085,0.0,0.0
1740517664,694736430,,0.3294455111026764,0.0,1.2187875509262085,0.0,0.0
1740517664,745933378,,0.3294455111026764,0.0,1.2187875509262085,0.0,0.0
1740517664,796461936,,0.3259238600730896,0.0,1.2187875509262085,0.0,0.0
1740517664,816880472,,0.30127230286598206,0.0,1.2187875509262085,0.0,0.0
1740517664,837347104,,0.28365358710289,0.0,1.2187875509262085,0.0,0.0
1740517664,848087785,,0.27308863401412964,0.0,1.2187875509262085,0.0,0.0
1740517664,868699987,,0.25900202989578247,0.0,1.2187875509262085,0.0,0.0
1740517664,882202039,,0.24842660129070282,0.0,1.2187875509262085,0.0,0.0
1740517664,892735198,,0.24138329923152924,0.0,1.2187875509262085,0.0,0.0
1740517664,947762968,,0.24138329923152924,0.0,1.2187875509262085,0.0,0.0
1740517664,996411380,,0.24138329923152924,0.0,1.2187875509262085,0.0,0.0
1740517665,47683208,,0.23081834614276886,0.0,1.2187875509262085,0.0,0.0
1740517665,58335887,,0.22025339305400848,0.0,1.2187875509262085,0.0,0.0
1740517665,75426934,,0.20615631341934204,0.0,1.2187875509262085,0.0,0.0
1740517665,80808906,,0.1779831051826477,0.0,1.2187875509262085,0.0,0.0
1740517665,90061893,,0.16036435961723328,0.0,1.2187875509262085,0.0,0.0
1740517665,100063238,,0.1251373589038849,0.0,1.2187875509262085,0.0,0.0
1740517665,110186697,,0.10400745272636414,0.0,1.1150553226470947,0.0,0.0
1740517665,125069050,,0.09696415066719055,0.0,1.1150553226470947,0.0,0.0
1740517665,138295611,,0.08992084860801697,0.0,1.1150553226470947,0.0,0.0
1740517665,187844670,,0.08639919757843018,0.0,1.1150553226470947,0.0,0.0
1740517665,208065123,,0.07230211794376373,0.0,1.1150553226470947,0.0,0.0
1740517665,226146771,,0.06173716112971306,0.0,1.1150553226470947,0.0,0.0
1740517665,241155461,,0.01946686953306198,0.0,1.1150553226470947,0.0,0.0
1740517665,255000428,,0.005380264949053526,0.0,1.1150553226470947,0.0,0.0
1740517665,287836300,,0.0,0.0,1.1150553226470947,0.0,0.0
1740517665,341159028,,0.0,0.0,1.1150553226470947,0.0,0.0
1740517665,390221746,,0.0,0.0,1.1150553226470947,0.0,0.0
1740517665,444339329,,0.0,0.0,1.1150553226470947,0.0,0.0
1740517665,496444157,,0.0,0.0,1.1150553226470947,0.0,0.0
1740517665,545508283,,0.0,0.0,1.1150553226470947,0.0,0.0
1740517665,598249661,,0.0,0.0,1.1150553226470947,0.0,0.0
1740517665,639690481,,0.0,0.0,1.425943374633789,0.0,0.0
1740517665,662649905,,0.0,0.0,1.6330993175506592,0.0,0.0
1740517665,713624002,,0.0,0.0,1.6330993175506592,0.0,0.0
1740517665,776790026,,0.0,0.0,1.7366772890090942,0.0,0.0
1740517665,827712154,,0.0,0.0,1.7366772890090942,0.0,0.0
1740517665,878676427,,0.0,0.0,1.5295213460922241,0.0,0.0
1740517665,904279908,,0.0,0.0,1.425943374633789,0.0,0.0
1740517665,952329560,,0.0,0.0,1.425943374633789,0.0,0.0
1740517666,4224850,,0.0,0.0,1.425943374633789,0.0,0.0
1740517666,65587462,,0.0,0.0,1.2705764770507812,0.0,0.0
1740517666,88190690,,0.0,0.0,1.1150553226470947,0.0,0.0
1740517666,143235960,,0.0,0.0,1.1150553226470947,0.0,0.0
1740517666,195539252,,0.0,0.0,1.1150553226470947,0.0,0.0
1740517666,258554873,,0.0,0.0,1.1150553226470947,0.0,0.0
1740517666,314344854,,0.0,0.0,1.3741543292999268,0.0,0.0
1740517666,365430247,,0.0,0.0,1.3741543292999268,0.0,0.0
1740517666,416982491,,0.0,0.0,1.3741543292999268,0.0,0.0
1740517666,468563760,,0.0,0.0,1.3741543292999268,0.0,0.0
1740517666,519977316,,0.0,0.0,1.3741543292999268,0.0,0.0
1740517666,615334914,,0.0,0.0,1.5813102722167969,0.0,0.0
1740517666,625532037,,0.0,0.0,1.6330993175506592,0.0,0.0
1740517666,678880747,,0.0,0.0,1.6330993175506592,0.0,0.0
1740517666,731618060,,0.0,0.0,1.6330993175506592,0.0,0.0
1740517666,786601186,,0.0,0.0,1.6330993175506592,0.0,0.0
1740517666,837949876,,0.0,0.0,1.6330993175506592,0.0,0.0
1740517666,918831014,,0.0,0.0,1.6330993175506592,0.0,0.0
1740517666,975278026,,0.0,0.0,1.6330993175506592,0.0,0.0
1740517667,16074038,,0.005380264949053526,0.0,1.6330993175506592,0.0,0.0
1740517667,37516934,,0.01594521850347519,0.0,1.6330993175506592,0.0,0.0
1740517667,46867904,,0.026510171592235565,0.0,1.6330993175506592,0.0,0.0
1740517667,79237914,,0.06173716112971306,0.0,1.6330993175506592,0.0,0.0
1740517667,90007618,,0.07934542000293732,0.0,1.6330993175506592,0.0,0.0
1740517667,104017066,,0.10400745272636414,0.0,1.6330993175506592,0.0,0.0
1740517667,121608820,,0.10752910375595093,0.0,1.425943374633789,0.0,0.0
1740517667,138342166,,0.11457240581512451,0.0,1.2705764770507812,0.0,0.0
1740517667,159147583,,0.11457240581512451,0.0,1.1150553226470947,0.0,0.0
1740517667,213098762,,0.11457240581512451,0.0,1.1150553226470947,0.0,0.0
1740517667,265058273,,0.11457240581512451,0.0,1.1150553226470947,0.0,0.0
1740517667,319673553,,0.1251373589038849,0.0,1.063266396522522,0.0,0.0
1740517667,340760541,,0.16036435961723328,0.0,1.063266396522522,0.0,0.0
1740517667,355110216,,0.1744614541530609,0.0,0.9596884250640869,0.0,0.0
1740517667,373712956,,0.1744614541530609,0.0,0.9596884250640869,0.0,0.0
1740517667,416960159,,0.1744614541530609,0.0,0.9596884250640869,0.0,0.0
1740517667,441187978,,0.1744614541530609,0.0,0.8043214678764343,0.0,0.0
1740517667,461005770,,0.1744614541530609,0.0,0.7007434964179993,0.0,0.0
1740517667,482811165,,0.1744614541530609,0.0,0.5452224016189575,0.0,0.0
1740517667,504115467,,0.1744614541530609,0.0,0.44164445996284485,0.0,0.0
1740517667,536676582,,0.1744614541530609,0.0,0.8043214678764343,0.0,0.0
1740517667,557101900,,0.1744614541530609,0.0,0.8043214678764343,0.0,0.0
1740517667,579314595,,0.1744614541530609,0.0,0.9078994393348694,0.0,0.0
1740517667,621903135,,0.1779831051826477,0.0,1.2705764770507812,0.0,0.0
1740517667,679749039,,0.1779831051826477,0.0,1.2705764770507812,0.0,0.0
1740517667,727593022,,0.16036435961723328,0.0,1.2705764770507812,0.0,0.0
1740517667,748352903,,0.15684270858764648,0.0,1.063266396522522,0.0,0.0
1740517667,770996835,,0.15684270858764648,0.0,0.8043214678764343,0.0,0.0
1740517667,822011088,,0.15684270858764648,0.0,0.8043214678764343,0.0,0.0
1740517667,855571637,,0.14275610446929932,0.0,0.7525324821472168,0.0,0.0
1740517667,864486636,,0.1216157078742981,0.0,0.7525324821472168,0.0,0.0
1740517667,877369096,,0.10752910375595093,0.0,0.7525324821472168,0.0,0.0
1740517667,904977588,,0.10400745272636414,0.0,0.7525324821472168,0.0,0.0
1740517667,935860159,,0.08992084860801697,0.0,0.7525324821472168,0.0,0.0
1740517667,956424230,,0.07934542000293732,0.0,0.7525324821472168,0.0,0.0
1740517667,976874572,,0.07230211794376373,0.0,0.7525324821472168,0.0,0.0
1740517668,19423271,,0.0441289059817791,0.0,0.7525324821472168,0.0,0.0
1740517668,34541721,,0.03355347365140915,0.0,0.7525324821472168,0.0,0.0
1740517668,44503001,,0.00890191551297903,0.0,0.7525324821472168,0.0,0.0
1740517668,62732073,,0.005380264949053526,0.0,0.7525324821472168,0.0,0.0
1740517668,82444583,,0.0,0.0,0.7525324821472168,0.0,0.0
1740517668,160831580,,0.0,0.0,0.7525324821472168,0.0,0.0
1740517668,215734925,,0.0,0.0,0.7525324821472168,0.0,0.0
1740517668,263041974,,0.0,0.0,0.7525324821472168,0.0,0.0
1740517668,315287758,,0.0,0.0,0.7525324821472168,0.0,0.0
1740517668,430636039,,0.0,0.0,0.7525324821472168,0.0,0.0
1740517668,484434830,,0.0,0.0,0.7525324821472168,0.0,0.0
1740517668,545036855,,0.0,0.0,1.063266396522522,0.0,0.0
1740517668,597607058,,0.0,0.0,1.063266396522522,0.0,0.0
1740517668,652888967,,0.0,0.0,1.063266396522522,0.0,0.0
1740517668,705014590,,0.0,0.0,1.063266396522522,0.0,0.0
1740517668,725314466,,0.005380264949053526,0.0,1.063266396522522,0.0,0.0
1740517668,768410786,,0.01946686953306198,0.0,1.063266396522522,0.0,0.0
1740517668,777300408,,0.03707512468099594,0.0,1.063266396522522,0.0,0.0
1740517668,787906942,,0.07230211794376373,0.0,1.063266396522522,0.0,0.0
1740517668,798329603,,0.08639919757843018,0.0,1.063266396522522,0.0,0.0
1740517668,819273293,,0.10752910375595093,0.0,1.063266396522522,0.0,0.0
1740517668,829019115,,0.11457240581512451,0.0,1.063266396522522,0.0,0.0
1740517668,849808691,,0.1216157078742981,0.0,1.063266396522522,0.0,0.0
1740517668,904645797,,0.08992084860801697,0.0,1.063266396522522,0.0,0.0
1740517668,925439149,,0.07934542000293732,0.0,1.063266396522522,0.0,0.0
1740517668,976587579,,0.07230211794376373,0.0,1.063266396522522,0.0,0.0
1740517669,27238947,,0.07230211794376373,0.0,1.063266396522522,0.0,0.0
1740517669,78316782,,0.07230211794376373,0.0,1.063266396522522,0.0,0.0
1740517669,138360111,,0.07230211794376373,0.0,1.063266396522522,0.0,0.0
1740517669,200147874,,0.03707512468099594,0.0,1.063266396522522,0.0,0.0
1740517669,216032090,,0.01946686953306198,0.0,0.8043214678764343,0.0,0.0
1740517669,220038561,,0.005380264949053526,0.0,0.7525324821472168,0.0,0.0
1740517669,239020567,,0.0,0.0,0.5452224016189575,0.0,0.0
1740517669,294229802,,0.0,0.0,0.5452224016189575,0.0,0.0
1740517669,317797005,,0.0,0.0,0.8043214678764343,0.0,0.0
1740517669,348558965,,0.0,0.0,1.063266396522522,0.0,0.0
1740517669,404565775,,0.0,0.0,1.063266396522522,0.0,0.0
1740517669,457033480,,0.0,0.0,1.063266396522522,0.0,0.0
1740517669,507599470,,0.0,0.0,1.063266396522522,0.0,0.0
1740517669,559672451,,0.0,0.0,1.063266396522522,0.0,0.0
1740517669,616367108,,0.0,0.0,1.063266396522522,0.0,0.0
1740517669,666527431,,0.0,0.0,1.063266396522522,0.0,0.0
1740517669,719519396,,0.0,0.0,1.063266396522522,0.0,0.0
1740517669,772467202,,0.0,0.0,1.063266396522522,0.0,0.0
1740517669,810173196,,0.0,0.0,0.8043214678764343,0.0,0.0
1740517669,829000289,,0.0,0.0,0.7525324821472168,0.0,0.0
1740517669,848900577,,0.01946686953306198,0.0,0.7525324821472168,0.0,0.0
1740517669,853586510,,0.0441289059817791,0.0,0.7525324821472168,0.0,0.0
1740517669,874930491,,0.10400745272636414,0.0,0.7525324821472168,0.0,0.0
1740517669,885283807,,0.1251373589038849,0.0,0.7525324821472168,0.0,0.0
1740517669,896928751,,0.14275610446929932,0.0,0.7525324821472168,0.0,0.0
1740517669,906405834,,0.15684270858764648,0.0,0.7525324821472168,0.0,0.0
1740517669,912498116,,0.16036435961723328,0.0,0.7525324821472168,0.0,0.0
1740517669,931297017,,0.16740766167640686,0.0,0.7525324821472168,0.0,0.0
1740517669,951864287,,0.16740766167640686,0.0,0.7525324821472168,0.0,0.0
1740517670,2947210,,0.16740766167640686,0.0,0.7525324821472168,0.0,0.0
1740517670,13917075,,0.16740766167640686,0.0,0.7525324821472168,0.0,0.0
1740517670,45522146,,0.16740766167640686,0.0,0.7525324821472168,0.0,0.0
1740517670,56629453,,0.13219115138053894,0.0,0.7525324821472168,0.0,0.0
1740517670,78924034,,0.08639919757843018,0.0,0.7525324821472168,0.0,0.0
1740517670,98254428,,0.06878046691417694,0.0,0.7525324821472168,0.0,0.0
1740517670,146052486,,0.06878046691417694,0.0,0.7525324821472168,0.0,0.0
1740517670,197187824,,0.06878046691417694,0.0,0.7525324821472168,0.0,0.0
1740517670,246108165,,0.0441289059817791,0.0,0.7525324821472168,0.0,0.0
1740517670,257227503,,0.01594521850347519,0.0,0.7525324821472168,0.0,0.0
1740517670,309135745,,0.01594521850347519,0.0,0.7525324821472168,0.0,0.0
1740517670,330373581,,0.054693859070539474,0.0,0.7525324821472168,0.0,0.0
1740517670,345532670,,0.08639919757843018,0.0,0.7525324821472168,0.0,0.0
1740517670,351309397,,0.10400745272636414,0.0,0.7525324821472168,0.0,0.0
1740517670,357239278,,0.1216157078742981,0.0,0.7525324821472168,0.0,0.0
1740517670,371599192,,0.16036435961723328,0.0,0.7525324821472168,0.0,0.0
1740517670,382174781,,0.1744614541530609,0.0,0.7525324821472168,0.0,0.0
1740517670,407953140,,0.1744614541530609,0.0,0.9596884250640869,0.0,0.0
1740517670,415100121,,0.1779831051826477,0.0,1.063266396522522,0.0,0.0
1740517670,442018459,,0.19206970930099487,0.0,1.063266396522522,0.0,0.0
1740517670,457042059,,0.20263466238975525,0.0,1.063266396522522,0.0,0.0
1740517670,467940947,,0.23081834614276886,0.0,1.063266396522522,0.0,0.0
1740517670,478795483,,0.23786164820194244,0.0,1.063266396522522,0.0,0.0
1740517670,488889692,,0.24138329923152924,0.0,1.063266396522522,0.0,0.0
1740517670,519832069,,0.24842660129070282,0.0,1.063266396522522,0.0,0.0
1740517670,572873409,,0.20263466238975525,0.0,1.063266396522522,0.0,0.0
1740517670,579389152,,0.1744614541530609,0.0,0.8043214678764343,0.0,0.0
1740517670,587411724,,0.13923445343971252,0.0,0.8043214678764343,0.0,0.0
1740517670,601178256,,0.11457240581512451,0.0,0.7525324821472168,0.0,0.0
1740517670,618926747,,0.07230211794376373,0.0,0.7525324821472168,0.0,0.0
1740517670,633975083,,0.06878046691417694,0.0,0.7525324821472168,0.0,0.0
1740517670,661569267,,0.05117220804095268,0.0,0.7525324821472168,0.0,0.0
1740517670,674450863,,0.0441289059817791,0.0,0.7525324821472168,0.0,0.0
1740517670,695757179,,0.03707512468099594,0.0,0.7525324821472168,0.0,0.0
1740517670,744720144,,0.03707512468099594,0.0,0.7525324821472168,0.0,0.0
1740517670,796103197,,0.03707512468099594,0.0,0.7525324821472168,0.0,0.0
1740517670,817909294,,0.06173716112971306,0.0,0.7525324821472168,0.0,0.0
1740517670,827830093,,0.08639919757843018,0.0,0.7525324821472168,0.0,0.0
1740517670,842250135,,0.13219115138053894,0.0,0.7525324821472168,0.0,0.0
1740517670,854126985,,0.1497994065284729,0.0,0.7525324821472168,0.0,0.0
1740517670,866988420,,0.16740766167640686,0.0,0.7525324821472168,0.0,0.0
1740517670,876986372,,0.1744614541530609,0.0,0.7525324821472168,0.0,0.0
1740517670,892102421,,0.20615631341934204,0.0,0.7525324821472168,0.0,0.0
1740517670,903953735,,0.22025339305400848,0.0,0.7525324821472168,0.0,0.0
1740517670,913173919,,0.23786164820194244,0.0,0.7525324821472168,0.0,0.0
1740517670,924427531,,0.24842660129070282,0.0,0.7525324821472168,0.0,0.0
1740517670,934656685,,0.25900202989578247,0.0,0.7525324821472168,0.0,0.0
1740517670,946759873,,0.27308863401412964,0.0,0.7525324821472168,0.0,0.0
1740517670,957671946,,0.27661028504371643,0.0,0.7525324821472168,0.0,0.0
1740517670,997951116,,0.24842660129070282,0.0,0.7525324821472168,0.0,0.0
1740517671,12048274,,0.2132100909948349,0.0,0.7525324821472168,0.0,0.0
1740517671,26009656,,0.16740766167640686,0.0,0.7525324821472168,0.0,0.0
1740517671,36141689,,0.1216157078742981,0.0,0.7525324821472168,0.0,0.0
1740517671,47476101,,0.07934542000293732,0.0,0.7525324821472168,0.0,0.0
1740517671,57603910,,0.01594521850347519,0.0,0.7525324821472168,0.0,0.0
1740517671,68263884,,0.0,0.0,0.7525324821472168,0.0,0.0
1740517671,133341561,,0.0,0.0,0.7525324821472168,0.0,0.0
1740517671,192006922,,0.0,0.0,0.7525324821472168,0.0,0.0
1740517671,244474815,,0.0,0.0,0.7525324821472168,0.0,0.0
1740517671,298910439,,0.0,0.0,0.7525324821472168,0.0,0.0
1740517671,349267080,,0.0,0.0,0.7525324821472168,0.0,0.0
1740517671,377023537,,0.0,0.0,0.9596884250640869,0.0,0.0
1740517671,398312285,,0.0,0.0,1.063266396522522,0.0,0.0
1740517671,449130754,,0.0,0.0,1.063266396522522,0.0,0.0
1740517671,504496051,,0.0,0.0,1.063266396522522,0.0,0.0
1740517671,567635407,,0.0,0.0,0.8043214678764343,0.0,0.0
1740517671,596463234,,0.0,0.0,0.7525324821472168,0.0,0.0
1740517671,647875341,,0.0,0.0,0.7525324821472168,0.0,0.0
1740517671,699491226,,-0.030021339654922485,0.0,0.7525324821472168,0.0,0.0
1740517671,710718374,,-0.04411842301487923,0.0,0.7525324821472168,0.0,0.0
1740517671,720906119,,-0.0546833761036396,0.0,0.7525324821472168,0.0,0.0
1740517671,731424299,,-0.06876998394727707,0.0,0.7525324821472168,0.0,0.0
1740517671,742134610,,-0.08991037309169769,0.0,0.7525324821472168,0.0,0.0
1740517671,752398772,,-0.13218066096305847,0.0,0.7525324821472168,0.0,0.0
1740517671,763129114,,-0.14626726508140564,0.0,0.7525324821472168,0.0,0.0
1740517671,779676536,,-0.1920592039823532,0.0,0.9596884250640869,0.0,0.0
1740517671,788353323,,-0.21319961547851562,0.0,1.063266396522522,0.0,0.0
1740517671,799866937,,-0.23080787062644958,0.0,1.063266396522522,0.0,0.0
1740517671,815221228,,-0.258991539478302,0.0,1.063266396522522,0.0,0.0
1740517671,823599772,,-0.2625131905078888,0.0,1.063266396522522,0.0,0.0
1740517671,841940971,,-0.2625131905078888,0.0,1.063266396522522,0.0,0.0
1740517671,894313152,,-0.2625131905078888,0.0,1.063266396522522,0.0,0.0
1740517671,924466016,,-0.2272862195968628,0.0,1.063266396522522,0.0,0.0
1740517671,945729323,,-0.18853755295276642,0.0,1.063266396522522,0.0,0.0
1740517671,956485234,,-0.14626726508140564,0.0,1.063266396522522,0.0,0.0
1740517671,980452343,,-0.13570231199264526,0.0,1.063266396522522,0.0,0.0
1740517671,988777382,,-0.13570231199264526,0.0,1.063266396522522,0.0,0.0
1740517672,10785112,,-0.13218066096305847,0.0,1.063266396522522,0.0,0.0
1740517672,30370483,,-0.1251268833875656,0.0,1.063266396522522,0.0,0.0
1740517672,50709748,,-0.11456193029880524,0.0,1.063266396522522,0.0,0.0
1740517672,71998783,,-0.11104027926921844,0.0,1.063266396522522,0.0,0.0
1740517672,123822285,,-0.11104027926921844,0.0,1.063266396522522,0.0,0.0
1740517672,177698734,,-0.11104027926921844,0.0,1.063266396522522,0.0,0.0
1740517672,198378611,,-0.14626726508140564,0.0,1.063266396522522,0.0,0.0
1740517672,221904787,,-0.1603538691997528,0.0,1.063266396522522,0.0,0.0
1740517672,231624271,,-0.20614580810070038,0.0,1.063266396522522,0.0,0.0
1740517672,245110768,,-0.21672126650810242,0.0,1.063266396522522,0.0,0.0
1740517672,257640775,,-0.2272862195968628,0.0,1.063266396522522,0.0,0.0
1740517672,279538808,,-0.23785117268562317,0.0,1.063266396522522,0.0,0.0
1740517672,298723246,,-0.24841612577438354,0.0,1.063266396522522,0.0,0.0
1740517672,309182450,,-0.258991539478302,0.0,1.063266396522522,0.0,0.0
1740517672,319803895,,-0.258991539478302,0.0,0.8043214678764343,0.0,0.0
1740517672,341983786,,-0.2625131905078888,0.0,0.7525324821472168,0.0,0.0
1740517672,411337087,,-0.27659979462623596,0.0,0.7525324821472168,0.0,0.0
1740517672,436378957,,-0.28716474771499634,0.0,0.7525324821472168,0.0,0.0
1740517672,464922173,,-0.28716474771499634,0.0,0.5971655249595642,0.0,0.0
1740517672,476810542,,-0.30830514430999756,0.0,0.5452224016189575,0.0,0.0
1740517672,500440655,,-0.31182679533958435,0.0,0.44164445996284485,0.0,0.0
1740517672,520776561,,-0.31887009739875793,0.0,0.44164445996284485,0.0,0.0
1740517672,540585165,,-0.3294350504875183,0.0,0.44164445996284485,0.0,0.0
1740517672,593830505,,-0.3294350504875183,0.0,0.44164445996284485,0.0,0.0
1740517672,646052314,,-0.3294350504875183,0.0,0.7525324821472168,0.0,0.0
1740517672,669401656,,-0.3294350504875183,0.0,1.063266396522522,0.0,0.0
1740517672,717120511,,-0.3294350504875183,0.0,1.063266396522522,0.0,0.0
1740517672,779644466,,-0.3400000035762787,0.0,1.063266396522522,0.0,0.0
1740517672,793419605,,-0.3400000035762787,0.0,1.063266396522522,0.0,0.0
1740517672,815522888,,-0.3400000035762787,0.0,1.063266396522522,0.0,0.0
1740517672,855057056,,-0.3400000035762787,0.0,1.063266396522522,0.0,0.0
1740517672,907133456,,-0.3400000035762787,0.0,1.063266396522522,0.0,0.0
1740517672,963296199,,-0.3400000035762787,0.0,1.063266396522522,0.0,0.0
1740517673,16866789,,-0.3400000035762787,0.0,1.063266396522522,0.0,0.0
1740517673,37436072,,-0.3400000035762787,0.0,1.063266396522522,0.0,0.0
1740517673,69390903,,-0.3294350504875183,0.0,1.063266396522522,0.0,0.0
1740517673,102162990,,-0.31182679533958435,0.0,1.063266396522522,0.0,0.0
1740517673,154471295,,-0.31182679533958435,0.0,1.063266396522522,0.0,0.0
1740517673,212529958,,-0.31182679533958435,0.0,1.063266396522522,0.0,0.0
1740517673,251013235,,-0.3400000035762787,0.0,1.063266396522522,0.0,0.0
1740517673,307690829,,-0.3400000035762787,0.0,1.063266396522522,0.0,0.0
1740517673,360843846,,-0.3400000035762787,0.0,1.063266396522522,0.0,0.0
1740517673,384110691,,-0.31182679533958435,0.0,1.063266396522522,0.0,0.0
1740517673,404154273,,-0.2625131905078888,0.0,1.063266396522522,0.0,0.0
1740517673,418808108,,-0.25193777680397034,0.0,1.063266396522522,0.0,0.0
1740517673,425036391,,-0.2272862195968628,0.0,1.063266396522522,0.0,0.0
1740517673,429803124,,-0.21672126650810242,0.0,1.063266396522522,0.0,0.0
1740517673,446950551,,-0.18149425089359283,0.0,1.063266396522522,0.0,0.0
1740517673,456783220,,-0.14626726508140564,0.0,1.063266396522522,0.0,0.0
1740517673,488471009,,-0.13570231199264526,0.0,1.063266396522522,0.0,0.0
1740517673,514524536,,-0.13570231199264526,0.0,1.063266396522522,0.0,0.0
1740517673,528484925,,-0.13218066096305847,0.0,1.063266396522522,0.0,0.0
1740517673,572308541,,-0.13218066096305847,0.0,0.8043214678764343,0.0,0.0
1740517673,591493427,,-0.13218066096305847,0.0,0.7525324821472168,0.0,0.0
1740517673,617539050,,-0.15683221817016602,0.0,0.7525324821472168,0.0,0.0
1740517673,639971103,,-0.21319961547851562,0.0,0.7525324821472168,0.0,0.0
1740517673,654951213,,-0.23080787062644958,0.0,0.7525324821472168,0.0,0.0
1740517673,659827068,,-0.258991539478302,0.0,0.7525324821472168,0.0,0.0
1740517673,673407581,,-0.2695564925670624,0.0,0.7525324821472168,0.0,0.0
1740517673,692407697,,-0.28364309668540955,0.0,0.7525324821472168,0.0,0.0
1740517673,715034792,,-0.30478349328041077,0.0,0.7525324821472168,0.0,0.0
1740517673,724503330,,-0.31182679533958435,0.0,0.7525324821472168,0.0,0.0
1740517673,735367113,,-0.31887009739875793,0.0,0.7525324821472168,0.0,0.0
1740517673,749972627,,-0.3400000035762787,0.0,0.7525324821472168,0.0,0.0
1740517673,761131325,,-0.3400000035762787,0.0,0.9596884250640869,0.0,0.0
1740517673,790857175,,-0.3400000035762787,0.0,1.1150553226470947,0.0,0.0
1740517673,802713384,,-0.3400000035762787,0.0,1.5295213460922241,0.0,0.0
1740517673,855544413,,-0.3400000035762787,0.0,1.5295213460922241,0.0,0.0
1740517673,925814840,,-0.3400000035762787,0.0,0.9596884250640869,0.0,0.0
1740517673,975322382,,-0.3400000035762787,0.0,0.9078994393348694,0.0,0.0
1740517673,994765191,,-0.3400000035762787,0.0,0.8043214678764343,0.0,0.0
1740517674,49889329,,-0.3400000035762787,0.0,0.7525324821472168,0.0,0.0
1740517674,93769520,,-0.3400000035762787,0.0,0.7525324821472168,0.0,0.0
1740517674,127456463,,-0.3400000035762787,0.0,0.7007434964179993,0.0,0.0
1740517674,144121644,,-0.3400000035762787,0.0,0.44164445996284485,0.0,0.0
1740517674,196184633,,-0.3400000035762787,0.0,0.44164445996284485,0.0,0.0
1740517674,263304884,,-0.3400000035762787,0.0,0.3898554742336273,0.0,0.0
1740517674,316559532,,-0.3400000035762787,0.0,0.3898554742336273,0.0,0.0
1740517674,369243870,,-0.3400000035762787,0.0,0.3898554742336273,0.0,0.0
1740517674,420366178,,-0.3400000035762787,0.0,0.3898554742336273,0.0,0.0
1740517674,475838383,,-0.3400000035762787,0.0,0.9596884250640869,0.0,0.0
1740517674,493971354,,-0.3400000035762787,0.0,1.063266396522522,0.0,0.0
1740517674,545305056,,-0.3400000035762787,0.0,0.44164445996284485,0.0,0.0
1740517674,570401421,,-0.31887009739875793,0.0,0.44164445996284485,0.0,0.0
1740517674,581802009,,-0.31182679533958435,0.0,0.8043214678764343,0.0,0.0
1740517674,589364225,,-0.30830514430999756,0.0,0.9596884250640869,0.0,0.0
1740517674,597972274,,-0.30830514430999756,0.0,1.063266396522522,0.0,0.0
1740517674,662416916,,-0.30478349328041077,0.0,0.8043214678764343,0.0,0.0
1740517674,685192652,,-0.30478349328041077,0.0,0.7525324821472168,0.0,0.0
1740517674,738119168,,-0.30478349328041077,0.0,0.7525324821472168,0.0,0.0
1740517674,797179599,,-0.30478349328041077,0.0,0.7007434964179993,0.0,0.0
1740517674,818288567,,-0.31887009739875793,0.0,0.9596884250640869,0.0,0.0
1740517674,832915649,,-0.3223917484283447,0.0,1.063266396522522,0.0,0.0
1740517674,850886475,,-0.3294350504875183,0.0,1.063266396522522,0.0,0.0
1740517674,901356585,,-0.3294350504875183,0.0,1.063266396522522,0.0,0.0
1740517674,953490486,,-0.3294350504875183,0.0,1.063266396522522,0.0,0.0
1740517675,10221903,,-0.3294350504875183,0.0,1.063266396522522,0.0,0.0
1740517675,30277548,,-0.3294350504875183,0.0,0.7525324821472168,0.0,0.0
1740517675,47441518,,-0.31182679533958435,0.0,0.5452224016189575,0.0,0.0
1740517675,54964917,,-0.2625131905078888,0.0,0.3898554742336273,0.0,0.0
1740517675,80650375,,-0.223764568567276,0.0,0.23448851704597473,0.0,0.0
1740517675,90098624,,-0.14626726508140564,0.0,0.23448851704597473,0.0,0.0
1740517675,111364328,,-0.015934737399220467,0.0,0.13091053068637848,0.0,0.0
1740517675,128486698,,0.0,0.0,0.13091053068637848,0.0,0.0
1740517675,150649787,,0.0,0.0,0.44164445996284485,0.0,0.0
1740517675,187880282,,0.0,0.0,0.5452224016189575,0.0,0.0
1740517675,208810879,,0.0,0.0,0.7007434964179993,0.0,0.0
1740517675,267397448,,0.0,0.0,0.7007434964179993,0.0,0.0
1740517675,309905817,,-0.01945638842880726,0.0,0.7007434964179993,0.0,0.0
1740517675,361166492,,-0.026499688625335693,0.0,0.3898554742336273,0.0,0.0
1740517675,376722255,,-0.030021339654922485,0.0,0.3898554742336273,0.0,0.0
1740517675,428009011,,-0.030021339654922485,0.0,0.3898554742336273,0.0,0.0
1740517675,445402103,,-0.03354299068450928,0.0,0.3898554742336273,0.0,0.0
1740517675,466763872,,-0.04411842301487923,0.0,0.3898554742336273,0.0,0.0
1740517675,515881775,,-0.04411842301487923,0.0,0.3898554742336273,0.0,0.0
1740517675,575150686,,-0.06172667816281319,0.0,0.5971655249595642,0.0,0.0
1740517675,588612029,,-0.06876998394727707,0.0,0.7007434964179993,0.0,0.0
1740517675,614187919,,-0.0863887220621109,0.0,0.7525324821472168,0.0,0.0
1740517675,644256490,,-0.14978891611099243,0.0,0.8043214678764343,0.0,0.0
1740517675,654846702,,-0.2272862195968628,0.0,0.8043214678764343,0.0,0.0
1740517675,660646053,,-0.258991539478302,0.0,0.8043214678764343,0.0,0.0
1740517675,671916655,,-0.2625131905078888,0.0,0.9078994393348694,0.0,0.0
1740517675,732733485,,-0.24841612577438354,0.0,0.9078994393348694,0.0,0.0
1740517675,751982722,,-0.23785117268562317,0.0,1.063266396522522,0.0,0.0
1740517675,764059828,,-0.06172667816281319,0.0,1.063266396522522,0.0,0.0
1740517675,778423387,,-0.008891434408724308,0.0,1.063266396522522,0.0,0.0
1740517675,785799777,,0.0,0.0,1.063266396522522,0.0,0.0
1740517675,806836327,,0.0,0.0,0.8043214678764343,0.0,0.0
1740517675,876341143,,0.0,0.0,1.063266396522522,0.0,0.0
1740517675,919815025,,0.0,0.0,1.063266396522522,0.0,0.0
1740517675,955833957,,0.0,0.0,0.8043214678764343,0.0,0.0
1740517676,8813400,,0.0,0.0,0.8043214678764343,0.0,0.0
1740517676,59858040,,0.0,0.0,0.8043214678764343,0.0,0.0
1740517676,114003445,,0.0,0.0,0.8043214678764343,0.0,0.0
1740517676,165652827,,0.0,0.0,0.8043214678764343,0.0,0.0
1740517676,218271849,,0.0,0.0,0.8043214678764343,0.0,0.0
1740517676,270497364,,0.0,0.0,0.8043214678764343,0.0,0.0
1740517676,293277482,,0.0,0.0,0.5452224016189575,0.0,0.0
1740517676,301411191,,0.0,0.0,0.28627750277519226,0.0,0.0
1740517676,312560640,,0.0,0.0,0.23448851704597473,0.0,0.0
1740517676,335645241,,-0.01945638842880726,0.0,0.5971655249595642,0.0,0.0
1740517676,346127611,,-0.026499688625335693,0.0,0.8043214678764343,0.0,0.0
1740517676,356726879,,-0.04411842301487923,0.0,1.063266396522522,0.0,0.0
1740517676,370686242,,-0.06172667816281319,0.0,1.063266396522522,0.0,0.0
1740517676,389554867,,-0.06876998394727707,0.0,1.063266396522522,0.0,0.0
1740517676,440144975,,-0.06876998394727707,0.0,1.063266396522522,0.0,0.0
1740517676,492305273,,-0.0863887220621109,0.0,1.063266396522522,0.0,0.0
1740517676,515238385,,-0.11104027926921844,0.0,1.1150553226470947,0.0,0.0
1740517676,535937267,,-0.11456193029880524,0.0,1.1150553226470947,0.0,0.0
1740517676,592354598,,-0.09695367515087128,0.0,1.1150553226470947,0.0,0.0
1740517676,599441576,,-0.0546833761036396,0.0,1.1150553226470947,0.0,0.0
1740517676,620356205,,-0.01945638842880726,0.0,1.1150553226470947,0.0,0.0
1740517676,641481300,,-0.015934737399220467,0.0,1.1150553226470947,0.0,0.0
1740517676,674758061,,-0.03354299068450928,0.0,1.1150553226470947,0.0,0.0
1740517676,695275821,,-0.06524833291769028,0.0,1.1150553226470947,0.0,0.0
1740517676,707416096,,-0.0863887220621109,0.0,1.1150553226470947,0.0,0.0
1740517676,711644775,,-0.11104027926921844,0.0,1.1150553226470947,0.0,0.0
1740517676,720514267,,-0.14274561405181885,0.0,1.1150553226470947,0.0,0.0
1740517676,730938397,,-0.1603538691997528,0.0,1.1150553226470947,0.0,0.0
1740517676,741601505,,-0.2272862195968628,0.0,1.1150553226470947,0.0,0.0
1740517676,752874379,,-0.2625131905078888,0.0,1.1150553226470947,0.0,0.0
1740517676,775045595,,-0.27659979462623596,0.0,1.1150553226470947,0.0,0.0
1740517676,820331525,,-0.25193777680397034,0.0,1.1150553226470947,0.0,0.0
1740517676,829906015,,-0.2272862195968628,0.0,1.1150553226470947,0.0,0.0
1740517676,840155039,,-0.14274561405181885,0.0,1.1150553226470947,0.0,0.0
1740517676,855070764,,-0.08991037309169769,0.0,1.1150553226470947,0.0,0.0
1740517676,857847398,,0.0,0.0,1.1150553226470947,0.0,0.0
1740517676,927145105,,0.0,0.0,0.8043214678764343,0.0,0.0
1740517676,978941272,,0.0,0.0,0.8043214678764343,0.0,0.0
1740517677,19882456,,0.0,0.0,0.7525324821472168,0.0,0.0
1740517677,60936985,,0.0,0.0,1.063266396522522,0.0,0.0
1740517677,122928318,,0.0,0.0,1.1150553226470947,0.0,0.0
1740517677,178048707,,0.0,0.0,1.1150553226470947,0.0,0.0
1740517677,230853233,,0.0,0.0,1.1150553226470947,0.0,0.0
1740517677,287104257,,0.0,0.0,1.1150553226470947,0.0,0.0
1740517677,338386465,,0.0,0.0,1.1150553226470947,0.0,0.0
1740517677,391093135,,0.0,0.0,1.1150553226470947,0.0,0.0
1740517677,474755135,,0.0,0.0,1.1150553226470947,0.0,0.0
1740517677,506229510,,0.0,0.0,0.9078994393348694,0.0,0.0
1740517677,527844593,,0.0,0.0,0.7525324821472168,0.0,0.0
1740517677,582661618,,0.0,0.0,0.7525324821472168,0.0,0.0
1740517677,631104376,,0.0,0.0,0.5452224016189575,0.0,0.0
1740517677,681960437,,0.0,0.0,0.8043214678764343,0.0,0.0
1740517677,705719539,,0.0,0.0,0.9078994393348694,0.0,0.0
1740517677,726151251,,0.0,0.0,1.063266396522522,0.0,0.0
1740517677,788171928,,0.0,0.0,1.063266396522522,0.0,0.0
1740517677,841892047,,0.0,0.0,1.063266396522522,0.0,0.0
1740517677,889093962,,0.0,0.0,1.063266396522522,0.0,0.0
1740517677,941267923,,0.0,0.0,1.1150553226470947,0.0,0.0
1740517677,993844703,,0.0,0.0,1.1150553226470947,0.0,0.0
1740517678,47976441,,0.0,0.0,1.1150553226470947,0.0,0.0
1740517678,107309796,,0.0,0.0,1.1150553226470947,0.0,0.0
1740517678,160032144,,0.0,0.0,1.1150553226470947,0.0,0.0
1740517678,228528080,,0.005380264949053526,0.0,1.1150553226470947,0.0,0.0
1740517678,248890990,,0.01594521850347519,0.0,1.1150553226470947,0.0,0.0
1740517678,284865726,,0.01946686953306198,0.0,1.1150553226470947,0.0,0.0
1740517678,311843930,,0.03355347365140915,0.0,1.1150553226470947,0.0,0.0
1740517678,330761739,,0.03707512468099594,0.0,1.3741543292999268,0.0,0.0
1740517678,354916813,,0.0441289059817791,0.0,1.5813102722167969,0.0,0.0
1740517678,411852768,,0.0441289059817791,0.0,1.5813102722167969,0.0,0.0
1740517678,422042048,,0.0441289059817791,0.0,1.2705764770507812,0.0,0.0
1740517678,432202622,,0.05117220804095268,0.0,1.1150553226470947,0.0,0.0
1740517678,472945851,,0.05117220804095268,0.0,1.063266396522522,0.0,0.0
1740517678,508462343,,0.07230211794376373,0.0,1.063266396522522,0.0,0.0
1740517678,534105174,,0.08639919757843018,0.0,1.063266396522522,0.0,0.0
1740517678,540015726,,0.08992084860801697,0.0,1.063266396522522,0.0,0.0
1740517678,591743345,,0.08992084860801697,0.0,1.063266396522522,0.0,0.0
1740517678,632377292,,0.08992084860801697,0.0,1.2705764770507812,0.0,0.0
1740517678,683969390,,0.08992084860801697,0.0,0.9596884250640869,0.0,0.0
1740517678,725251024,,0.10400745272636414,0.0,0.9596884250640869,0.0,0.0
1740517678,749178191,,0.14275610446929932,0.0,0.9596884250640869,0.0,0.0
1740517678,764948547,,0.16740766167640686,0.0,0.9596884250640869,0.0,0.0
1740517678,781420349,,0.1850264072418213,0.0,0.9596884250640869,0.0,0.0
1740517678,840383875,,0.16036435961723328,0.0,0.9596884250640869,0.0,0.0
1740517678,847496454,,0.1497994065284729,0.0,0.9596884250640869,0.0,0.0
1740517678,859164307,,0.10400745272636414,0.0,0.9596884250640869,0.0,0.0
1740517678,877755744,,0.0,0.0,0.9596884250640869,0.0,0.0
1740517678,924053745,,0.0,0.0,0.9078994393348694,0.0,0.0
1740517678,981697099,,0.0,0.0,0.9078994393348694,0.0,0.0
1740517679,29806060,,0.0,0.0,0.9078994393348694,0.0,0.0
1740517679,50304011,,0.0,0.0,1.2187875509262085,0.0,0.0
1740517679,92920760,,0.0,0.0,1.2705764770507812,0.0,0.0
1740517679,113191572,,0.0,0.0,1.3741543292999268,0.0,0.0
1740517679,139427241,,-0.01945638842880726,0.0,1.3741543292999268,0.0,0.0
1740517679,150751218,,-0.030021339654922485,0.0,1.3741543292999268,0.0,0.0
1740517679,159376195,,-0.04411842301487923,0.0,1.3741543292999268,0.0,0.0
1740517679,169583458,,-0.06172667816281319,0.0,1.3741543292999268,0.0,0.0
1740517679,225509290,,-0.06172667816281319,0.0,1.3741543292999268,0.0,0.0
1740517679,249661835,,-0.03354299068450928,0.0,1.3741543292999268,0.0,0.0
1740517679,256708429,,-0.015934737399220467,0.0,1.3741543292999268,0.0,0.0
1740517679,269196353,,-0.005369783844798803,0.0,1.3741543292999268,0.0,0.0
1740517679,277957843,,0.0,0.0,1.1150553226470947,0.0,0.0
1740517679,309231830,,0.0,0.0,1.063266396522522,0.0,0.0
1740517679,359644971,,0.0,0.0,1.063266396522522,0.0,0.0
1740517679,421342250,,0.0,0.0,0.9596884250640869,0.0,0.0
1740517679,476152168,,0.0,0.0,0.9596884250640869,0.0,0.0
1740517679,531651981,,0.0,0.0,0.9596884250640869,0.0,0.0
1740517679,590946069,,0.0,0.0,0.9596884250640869,0.0,0.0
1740517679,644026755,,0.0,0.0,0.9596884250640869,0.0,0.0
1740517679,701046166,,0.0,0.0,0.9596884250640869,0.0,0.0
1740517679,750196608,,0.0,0.0,0.9596884250640869,0.0,0.0
1740517679,804365688,,0.0,0.0,0.9596884250640869,0.0,0.0
1740517679,867912136,,0.0,0.0,0.9596884250640869,0.0,0.0
1740517679,919110693,,0.0,0.0,0.9596884250640869,0.0,0.0
1740517679,971084233,,0.005380264949053526,0.0,0.9596884250640869,0.0,0.0
1740517679,990977858,,0.026510171592235565,0.0,0.9596884250640869,0.0,0.0
1740517680,6258992,,0.03707512468099594,0.0,0.9596884250640869,0.0,0.0
1740517680,15258724,,0.05117220804095268,0.0,0.9596884250640869,0.0,0.0
1740517680,65622519,,0.05117220804095268,0.0,0.9596884250640869,0.0,0.0
1740517680,116422447,,0.05117220804095268,0.0,0.9596884250640869,0.0,0.0
1740517680,174204775,,0.05117220804095268,0.0,0.9596884250640869,0.0,0.0
1740517680,220148242,,0.07230211794376373,0.0,0.9596884250640869,0.0,0.0
1740517680,233107722,,0.08992084860801697,0.0,0.9596884250640869,0.0,0.0
1740517680,244145041,,0.10400745272636414,0.0,0.9596884250640869,0.0,0.0
1740517680,253861771,,0.1216157078742981,0.0,0.9596884250640869,0.0,0.0
1740517680,280271456,,0.13219115138053894,0.0,0.9596884250640869,0.0,0.0
1740517680,295583566,,0.16036435961723328,0.0,0.9596884250640869,0.0,0.0
1740517680,356809286,,0.16036435961723328,0.0,0.9596884250640869,0.0,0.0
1740517680,405330057,,0.16036435961723328,0.0,0.9596884250640869,0.0,0.0
1740517680,448526778,,0.16740766167640686,0.0,0.9596884250640869,0.0,0.0
1740517680,500703518,,0.16740766167640686,0.0,0.9596884250640869,0.0,0.0
1740517680,553001315,,0.1850264072418213,0.0,0.9596884250640869,0.0,0.0
1740517680,569517021,,0.19206970930099487,0.0,0.9596884250640869,0.0,0.0
1740517680,584884747,,0.19559136033058167,0.0,0.9596884250640869,0.0,0.0
1740517680,637814775,,0.19559136033058167,0.0,0.9596884250640869,0.0,0.0
1740517680,684255142,,0.20263466238975525,0.0,0.9596884250640869,0.0,0.0
1740517680,740505264,,0.20263466238975525,0.0,0.9596884250640869,0.0,0.0
1740517680,795319565,,0.20263466238975525,0.0,0.9596884250640869,0.0,0.0
1740517680,851425014,,0.20263466238975525,0.0,0.9596884250640869,0.0,0.0
1740517680,904668644,,0.20263466238975525,0.0,0.9596884250640869,0.0,0.0
1740517680,925094177,,0.2132100909948349,0.0,0.9596884250640869,0.0,0.0
1740517680,937894040,,0.22025339305400848,0.0,0.9596884250640869,0.0,0.0
1740517680,940570577,,0.22377504408359528,0.0,0.9596884250640869,0.0,0.0
1740517680,961399762,,0.23081834614276886,0.0,0.9596884250640869,0.0,0.0
1740517680,977924780,,0.24138329923152924,0.0,0.9596884250640869,0.0,0.0
1740517680,988487758,,0.24138329923152924,0.0,0.9596884250640869,0.0,0.0
1740517680,999348563,,0.24138329923152924,0.0,0.9596884250640869,0.0,0.0
1740517681,20039090,,0.2554803788661957,0.0,0.9596884250640869,0.0,0.0
1740517681,34225686,,0.2554803788661957,0.0,0.9596884250640869,0.0,0.0
1740517681,89759479,,0.2554803788661957,0.0,0.9596884250640869,0.0,0.0
1740517681,138750813,,0.2554803788661957,0.0,0.9596884250640869,0.0,0.0
1740517681,190474715,,0.2554803788661957,0.0,0.9596884250640869,0.0,0.0
1740517681,241589172,,0.2554803788661957,0.0,0.9596884250640869,0.0,0.0
1740517681,294320060,,0.2554803788661957,0.0,0.9596884250640869,0.0,0.0
1740517681,348287568,,0.2554803788661957,0.0,0.9596884250640869,0.0,0.0
1740517681,404593849,,0.2554803788661957,0.0,0.9596884250640869,0.0,0.0
1740517681,455647057,,0.2554803788661957,0.0,0.9596884250640869,0.0,0.0
1740517681,478058209,,0.24138329923152924,0.0,0.9596884250640869,0.0,0.0
1740517681,529236250,,0.24138329923152924,0.0,0.9596884250640869,0.0,0.0
1740517681,584068854,,0.24138329923152924,0.0,0.9596884250640869,0.0,0.0
1740517681,637458052,,0.24138329923152924,0.0,0.9596884250640869,0.0,0.0
1740517681,691313494,,0.24138329923152924,0.0,0.9596884250640869,0.0,0.0
1740517681,734814888,,0.23081834614276886,0.0,0.9596884250640869,0.0,0.0
1740517681,791897881,,0.23081834614276886,0.0,0.9596884250640869,0.0,0.0
1740517681,842621390,,0.23081834614276886,0.0,0.9596884250640869,0.0,0.0
1740517681,884543474,,0.23081834614276886,0.0,0.9596884250640869,0.0,0.0
1740517681,918571437,,0.23081834614276886,0.0,0.9596884250640869,0.0,0.0
1740517681,973693355,,0.23081834614276886,0.0,0.9596884250640869,0.0,0.0
1740517682,6450234,,0.23081834614276886,0.0,0.9596884250640869,0.0,0.0
1740517682,40470580,,0.24842660129070282,0.0,0.9596884250640869,0.0,0.0
1740517682,47597398,,0.26604533195495605,0.0,0.9596884250640869,0.0,0.0
1740517682,63675594,,0.2906968891620636,0.0,0.9596884250640869,0.0,0.0
1740517682,76136861,,0.30127230286598206,0.0,0.9596884250640869,0.0,0.0
1740517682,84263304,,0.31183725595474243,0.0,0.9596884250640869,0.0,0.0
1740517682,96180790,,0.33648881316185,0.0,0.9596884250640869,0.0,0.0
1740517682,110443577,,0.3400000035762787,0.0,0.9596884250640869,0.0,0.0
1740517682,117582075,,0.3400000035762787,0.0,0.9596884250640869,0.0,0.0
1740517682,143690060,,0.3400000035762787,0.0,0.9596884250640869,0.0,0.0
1740517682,197149657,,0.3400000035762787,0.0,0.9596884250640869,0.0,0.0
1740517682,253621954,,0.3400000035762787,0.0,0.9596884250640869,0.0,0.0
1740517682,309077858,,0.3400000035762787,0.0,0.9596884250640869,0.0,0.0
1740517682,363117108,,0.3400000035762787,0.0,0.9596884250640869,0.0,0.0
1740517682,414410541,,0.3400000035762787,0.0,0.9596884250640869,0.0,0.0
1740517682,476761932,,0.3400000035762787,0.0,0.9596884250640869,0.0,0.0
1740517682,517180097,,0.3400000035762787,0.0,0.9596884250640869,0.0,0.0
1740517682,578024851,,0.3400000035762787,0.0,0.9596884250640869,0.0,0.0
1740517682,620911774,,0.3400000035762787,0.0,0.9596884250640869,0.0,0.0
1740517682,676989891,,0.3400000035762787,0.0,0.9596884250640869,0.0,0.0
1740517682,727769400,,0.3400000035762787,0.0,0.9596884250640869,0.0,0.0
1740517682,780544575,,0.3400000035762787,0.0,0.9596884250640869,0.0,0.0
1740517682,814648057,,0.2942185401916504,0.0,0.9596884250640869,0.0,0.0
1740517682,865862162,,0.2942185401916504,0.0,0.9596884250640869,0.0,0.0
1740517682,896584237,,0.2906968891620636,0.0,1.2187875509262085,0.0,0.0
1740517682,917225644,,0.28365358710289,0.0,1.2187875509262085,0.0,0.0
1740517682,937961419,,0.27308863401412964,0.0,1.2187875509262085,0.0,0.0
1740517682,958855756,,0.2554803788661957,0.0,1.2187875509262085,0.0,0.0
1740517682,985528258,,0.24138329923152924,0.0,1.2187875509262085,0.0,0.0
1740517683,11664627,,0.23786164820194244,0.0,1.2187875509262085,0.0,0.0
1740517683,25216239,,0.23786164820194244,0.0,1.2187875509262085,0.0,0.0
1740517683,38036261,,0.22025339305400848,0.0,1.2187875509262085,0.0,0.0
1740517683,47105368,,0.20615631341934204,0.0,1.2187875509262085,0.0,0.0
1740517683,63274253,,0.1744614541530609,0.0,1.2187875509262085,0.0,0.0
1740517683,76876714,,0.16036435961723328,0.0,1.2187875509262085,0.0,0.0
1740517683,86925031,,0.16036435961723328,0.0,1.2187875509262085,0.0,0.0
1740517683,99470106,,0.16036435961723328,0.0,1.2187875509262085,0.0,0.0
1740517683,120870047,,0.1497994065284729,0.0,1.2187875509262085,0.0,0.0
1740517683,173107423,,0.10752910375595093,0.0,1.2187875509262085,0.0,0.0
1740517683,185277967,,0.09696415066719055,0.0,1.2187875509262085,0.0,0.0
1740517683,239694532,,0.01594521850347519,0.0,1.2187875509262085,0.0,0.0
1740517683,242791680,,0.005380264949053526,0.0,1.2187875509262085,0.0,0.0
1740517683,303532367,,0.0,0.0,0.9078994393348694,0.0,0.0
1740517683,324976052,,0.0,0.0,0.5452224016189575,0.0,0.0
1740517683,349202419,,0.0,0.0,0.44164445996284485,0.0,0.0
1740517683,379534858,,0.0,0.0,0.28627750277519226,0.0,0.0
1740517683,428070536,,0.0,0.0,0.28627750277519226,0.0,0.0
1740517683,471233269,,0.0,0.0,0.5971655249595642,0.0,0.0
1740517683,495921656,,0.0,0.0,0.8043214678764343,0.0,0.0
1740517683,509749207,,0.0,0.0,1.063266396522522,0.0,0.0
1740517683,528783366,,0.0,0.0,1.3741543292999268,0.0,0.0
1740517683,535621861,,0.0,0.0,1.8921984434127808,0.0,0.0
1740517683,556221986,,0.0,0.0,2.2547214031219482,0.0,0.0
1740517683,613992630,,0.0,0.0,2.2547214031219482,0.0,0.0
1740517683,662756726,,0.0,0.0,2.2547214031219482,0.0,0.0
1740517683,694056662,,0.0,0.0,2.3582992553710938,0.0,0.0
1740517683,716656806,,0.0,0.0,2.4618773460388184,0.0,0.0
1740517683,778730849,,0.0,0.0,2.2547214031219482,0.0,0.0
1740517683,799438975,,0.0,0.0,2.047565460205078,0.0,0.0
1740517683,832161036,,0.0,0.0,1.5295213460922241,0.0,0.0
1740517683,851831905,,0.0,0.0,1.2187875509262085,0.0,0.0
1740517683,862281153,,0.0,0.0,0.9596884250640869,0.0,0.0
1740517683,903594493,,0.0,0.0,0.5971655249595642,0.0,0.0
1740517683,908226215,,0.0,0.0,0.44164445996284485,0.0,0.0
1740517683,916353714,,0.0,0.0,0.28627750277519226,0.0,0.0
1740517683,957162953,,0.0,0.0,0.5971655249595642,0.0,0.0
1740517683,969399034,,0.0,0.0,0.8043214678764343,0.0,0.0
1740517683,998139298,,0.0,0.0,0.9596884250640869,0.0,0.0
1740517684,58926160,,0.0,0.0,1.063266396522522,0.0,0.0
1740517684,82213477,,0.0,0.0,1.2187875509262085,0.0,0.0
1740517684,93460364,,0.0,0.0,1.3741543292999268,0.0,0.0
1740517684,104082478,,0.0,0.0,1.7366772890090942,0.0,0.0
1740517684,125247440,,0.0,0.0,1.788466215133667,0.0,0.0
1740517684,171914460,,0.0,0.0,1.3741543292999268,0.0,0.0
1740517684,191085163,,0.0,0.0,1.2187875509262085,0.0,0.0
1740517684,243710766,,0.0,0.0,1.2187875509262085,0.0,0.0
1740517684,299524909,,0.0,0.0,1.2187875509262085,0.0,0.0
1740517684,330990190,,0.0,0.0,1.063266396522522,0.0,0.0
1740517684,389127619,,0.0,0.0,1.063266396522522,0.0,0.0
1740517684,427130399,,0.0,0.0,0.9078994393348694,0.0,0.0
1740517684,478775737,,0.0,0.0,0.9078994393348694,0.0,0.0
1740517684,499145364,,0.0,0.0,1.1150553226470947,0.0,0.0
1740517684,539889001,,0.0,0.0,1.2187875509262085,0.0,0.0
1740517684,560521158,,0.0,0.0,1.2705764770507812,0.0,0.0
1740517684,581156899,,0.0,0.0,1.5813102722167969,0.0,0.0
1740517684,592190505,,0.0,0.0,1.7366772890090942,0.0,0.0
1740517684,645633075,,0.0,0.0,1.7366772890090942,0.0,0.0
1740517684,696899337,,0.0,0.0,1.7366772890090942,0.0,0.0
1740517684,754547897,,0.0,0.0,1.7366772890090942,0.0,0.0
1740517684,795150253,,0.0,0.0,1.3741543292999268,0.0,0.0
1740517684,846361763,,0.0,0.0,1.1150553226470947,0.0,0.0
1740517684,872550995,,0.0,0.0,0.9596884250640869,0.0,0.0
1740517684,888249283,,0.0,0.0,0.5452224016189575,0.0,0.0
1740517684,908765215,,0.0,0.0,0.44164445996284485,0.0,0.0
1740517684,961452802,,0.0,0.0,0.44164445996284485,0.0,0.0
1740517685,13073083,,0.0,0.0,0.44164445996284485,0.0,0.0
1740517685,44254296,,0.0,0.0,0.7525324821472168,0.0,0.0
1740517685,64453137,,0.0,0.0,0.9596884250640869,0.0,0.0
1740517685,87460227,,0.0,0.0,1.2705764770507812,0.0,0.0
1740517685,106347567,,0.0,0.0,1.3741543292999268,0.0,0.0
1740517685,127514961,,0.0,0.0,1.425943374633789,0.0,0.0
1740517685,182039779,,0.0,0.0,1.425943374633789,0.0,0.0
1740517685,229493397,,0.0,0.0,1.063266396522522,0.0,0.0
1740517685,282756924,,0.0,0.0,0.9078994393348694,0.0,0.0
1740517685,334621046,,0.0,0.0,0.9078994393348694,0.0,0.0
1740517685,392225924,,0.0,0.0,0.9078994393348694,0.0,0.0
1740517685,444140319,,0.0,0.0,0.9078994393348694,0.0,0.0
1740517685,497293701,,0.0,0.0,1.1150553226470947,0.0,0.0
1740517685,553738504,,0.0,0.0,1.1150553226470947,0.0,0.0
1740517685,617859858,,0.0,0.0,0.9078994393348694,0.0,0.0
1740517685,650866592,,0.0,0.0,0.8043214678764343,0.0,0.0
1740517685,705496691,,0.0,0.0,0.8043214678764343,0.0,0.0
1740517685,758295606,,0.0,0.0,0.8043214678764343,0.0,0.0
1740517685,789650645,,0.0,0.0,0.7007434964179993,0.0,0.0
1740517685,810032591,,0.01594521850347519,0.0,0.7007434964179993,0.0,0.0
1740517685,820966707,,0.0441289059817791,0.0,0.7007434964179993,0.0,0.0
1740517685,832628957,,0.08639919757843018,0.0,0.7007434964179993,0.0,0.0
1740517685,842690233,,0.10400745272636414,0.0,0.7007434964179993,0.0,0.0
1740517685,852900247,,0.14275610446929932,0.0,0.7007434964179993,0.0,0.0
1740517685,865193703,,0.1744614541530609,0.0,0.7007434964179993,0.0,0.0
1740517685,875615654,,0.19559136033058167,0.0,0.7007434964179993,0.0,0.0
1740517685,885907396,,0.20615631341934204,0.0,0.7007434964179993,0.0,0.0
1740517685,917509093,,0.20615631341934204,0.0,1.2187875509262085,0.0,0.0
1740517685,938960073,,0.20615631341934204,0.0,1.788466215133667,0.0,0.0
1740517685,952836872,,0.20615631341934204,0.0,2.0993545055389404,0.0,0.0
1740517685,963950190,,0.20615631341934204,0.0,2.202932357788086,0.0,0.0
1740517685,979592829,,0.20615631341934204,0.0,2.202932357788086,0.0,0.0
1740517685,989782938,,0.20615631341934204,0.0,2.202932357788086,0.0,0.0
1740517686,21114232,,0.1744614541530609,0.0,2.202932357788086,0.0,0.0
1740517686,27164687,,0.16036435961723328,0.0,1.8921984434127808,0.0,0.0
1740517686,38357589,,0.1216157078742981,0.0,1.8921984434127808,0.0,0.0
1740517686,51447276,,0.0441289059817791,0.0,1.8921984434127808,0.0,0.0
1740517686,59944185,,0.00890191551297903,0.0,1.6330993175506592,0.0,0.0
1740517686,70703003,,0.0,0.0,1.3741543292999268,0.0,0.0
1740517686,82145252,,0.0,0.0,1.1150553226470947,0.0,0.0
1740517686,94579381,,0.0,0.0,0.9596884250640869,0.0,0.0
1740517686,129359410,,0.0,0.0,0.8043214678764343,0.0,0.0
1740517686,159656838,,-0.0546833761036396,0.0,0.8043214678764343,0.0,0.0
1740517686,172075543,,-0.1920592039823532,0.0,0.8043214678764343,0.0,0.0
1740517686,180350595,,-0.25193777680397034,0.0,0.8043214678764343,0.0,0.0
1740517686,193330297,,-0.2942080497741699,0.0,1.063266396522522,0.0,0.0
1740517686,208929031,,-0.3400000035762787,0.0,1.1150553226470947,0.0,0.0
1740517686,217986201,,-0.3400000035762787,0.0,1.1150553226470947,0.0,0.0
1740517686,235862972,,-0.3400000035762787,0.0,1.2187875509262085,0.0,0.0
1740517686,244658285,,-0.3400000035762787,0.0,1.2187875509262085,0.0,0.0
1740517686,265105319,,-0.3400000035762787,0.0,1.2187875509262085,0.0,0.0
1740517686,286540106,,-0.3400000035762787,0.0,1.2187875509262085,0.0,0.0
1740517686,307624074,,-0.3400000035762787,0.0,1.2187875509262085,0.0,0.0
1740517686,361523125,,-0.3400000035762787,0.0,1.2705764770507812,0.0,0.0
1740517686,404471517,,-0.3400000035762787,0.0,1.3741543292999268,0.0,0.0
1740517686,429381504,,-0.3400000035762787,0.0,1.425943374633789,0.0,0.0
1740517686,441908626,,-0.2942080497741699,0.0,1.425943374633789,0.0,0.0
1740517686,447935817,,-0.258991539478302,0.0,1.425943374633789,0.0,0.0
1740517686,459221936,,-0.24137282371520996,0.0,1.425943374633789,0.0,0.0
1740517686,467712125,,-0.23785117268562317,0.0,1.425943374633789,0.0,0.0
1740517686,476127434,,-0.2272862195968628,0.0,1.425943374633789,0.0,0.0
1740517686,481878686,,-0.21319961547851562,0.0,1.425943374633789,0.0,0.0
1740517686,492241724,,-0.1603538691997528,0.0,1.425943374633789,0.0,0.0
1740517686,502622139,,-0.14626726508140564,0.0,1.425943374633789,0.0,0.0
1740517686,514412646,,-0.13218066096305847,0.0,1.425943374633789,0.0,0.0
1740517686,524370241,,-0.10751862823963165,0.0,1.425943374633789,0.0,0.0
1740517686,538396513,,-0.015934737399220467,0.0,1.425943374633789,0.0,0.0
1740517686,551488664,,0.0,0.0,1.425943374633789,0.0,0.0
1740517686,601775778,,0.0,0.0,1.425943374633789,0.0,0.0
1740517686,654613444,,0.0,0.0,1.425943374633789,0.0,0.0
1740517686,705508276,,0.0,0.0,1.425943374633789,0.0,0.0
1740517686,756955304,,0.0,0.0,1.425943374633789,0.0,0.0
1740517686,807807288,,0.0,0.0,1.425943374633789,0.0,0.0
1740517686,860414231,,0.0,0.0,1.425943374633789,0.0,0.0
1740517686,912971798,,0.0,0.0,1.425943374633789,0.0,0.0
1740517686,964689101,,0.0,0.0,1.425943374633789,0.0,0.0
1740517687,17325805,,0.0,0.0,1.425943374633789,0.0,0.0
1740517687,68261467,,0.0,0.0,1.425943374633789,0.0,0.0
1740517687,120152307,,0.0,0.0,1.425943374633789,0.0,0.0
1740517687,179128202,,0.0,0.0,1.425943374633789,0.0,0.0
1740517687,225353998,,0.0,0.0,1.425943374633789,0.0,0.0
1740517687,280881319,,0.0,0.0,1.425943374633789,0.0,0.0
1740517687,339229785,,0.0,0.0,1.425943374633789,0.0,0.0
1740517687,390978095,,0.0,0.0,1.425943374633789,0.0,0.0
1740517687,443414891,,0.0,0.0,1.425943374633789,0.0,0.0
1740517687,496174090,,0.0,0.0,1.425943374633789,0.0,0.0
1740517687,554263162,,0.0,0.0,1.425943374633789,0.0,0.0
1740517687,605568972,,0.0,0.0,1.425943374633789,0.0,0.0
1740517687,659917146,,0.0,0.0,1.425943374633789,0.0,0.0
1740517687,717154210,,0.0,0.0,1.425943374633789,0.0,0.0
1740517687,772985533,,0.0,0.0,1.425943374633789,0.0,0.0
1740517687,828508341,,0.0,0.0,1.425943374633789,0.0,0.0
1740517687,860642425,,0.0,0.0,1.063266396522522,0.0,0.0
1740517687,895216051,,0.0,0.0,0.9596884250640869,0.0,0.0
1740517687,945529852,,0.0,0.0,0.9596884250640869,0.0,0.0
1740517687,995875110,,0.0,0.0,0.9596884250640869,0.0,0.0
1740517688,46467184,,0.0,0.0,0.9596884250640869,0.0,0.0
1740517688,97586591,,0.0,0.0,0.9596884250640869,0.0,0.0
1740517688,118669150,,0.0,0.0,1.2187875509262085,0.0,0.0
1740517688,184009966,,0.0,0.0,0.9596884250640869,0.0,0.0
1740517688,234585464,,0.0,0.0,0.9596884250640869,0.0,0.0
1740517688,291781598,,0.0,0.0,0.9596884250640869,0.0,0.0
1740517688,351546299,,0.0,0.0,1.2187875509262085,0.0,0.0
1740517688,400492599,,0.0,0.0,1.2187875509262085,0.0,0.0
1740517688,453909178,,0.0,0.0,1.2187875509262085,0.0,0.0
1740517688,526414091,,0.01594521850347519,0.0,1.2187875509262085,0.0,0.0
1740517688,539566210,,0.026510171592235565,0.0,1.2187875509262085,0.0,0.0
1740517688,550953993,,0.05117220804095268,0.0,1.2187875509262085,0.0,0.0
1740517688,561302215,,0.07934542000293732,0.0,1.2187875509262085,0.0,0.0
1740517688,583006668,,0.10400745272636414,0.0,1.2187875509262085,0.0,0.0
1740517688,602921824,,0.10752910375595093,0.0,1.2187875509262085,0.0,0.0
1740517688,625778639,,0.11457240581512451,0.0,1.2187875509262085,0.0,0.0
1740517688,678071336,,0.11457240581512451,0.0,1.2705764770507812,0.0,0.0
1740517688,732279603,,0.11457240581512451,0.0,1.2705764770507812,0.0,0.0
1740517688,761375803,,0.1251373589038849,0.0,1.2705764770507812,0.0,0.0
1740517688,785834616,,0.16740766167640686,0.0,1.2705764770507812,0.0,0.0
1740517688,805295593,,0.1779831051826477,0.0,1.2705764770507812,0.0,0.0
1740517688,816165291,,0.1850264072418213,0.0,1.2705764770507812,0.0,0.0
1740517688,826629802,,0.19559136033058167,0.0,1.2705764770507812,0.0,0.0
1740517688,837395275,,0.20263466238975525,0.0,1.063266396522522,0.0,0.0
1740517688,861213443,,0.20615631341934204,0.0,0.9596884250640869,0.0,0.0
1740517688,873192592,,0.2132100909948349,0.0,0.9596884250640869,0.0,0.0
1740517688,912116720,,0.22025339305400848,0.0,0.9596884250640869,0.0,0.0
1740517688,952188155,,0.22025339305400848,0.0,0.9596884250640869,0.0,0.0
1740517688,973690014,,0.22025339305400848,0.0,0.9596884250640869,0.0,0.0
1740517689,9008318,,0.22025339305400848,0.0,1.2187875509262085,0.0,0.0
1740517689,48473762,,0.22025339305400848,0.0,1.2187875509262085,0.0,0.0
1740517689,68986267,,0.22025339305400848,0.0,1.2187875509262085,0.0,0.0
1740517689,110263056,,0.22025339305400848,0.0,1.2705764770507812,0.0,0.0
1740517689,163125997,,0.22025339305400848,0.0,1.2705764770507812,0.0,0.0
1740517689,215269956,,0.22025339305400848,0.0,1.2705764770507812,0.0,0.0
1740517689,269931666,,0.22025339305400848,0.0,1.2705764770507812,0.0,0.0
1740517689,330329107,,0.22025339305400848,0.0,1.2705764770507812,0.0,0.0
1740517689,387699001,,0.22025339305400848,0.0,1.2705764770507812,0.0,0.0
1740517689,438917735,,0.22025339305400848,0.0,1.2705764770507812,0.0,0.0
1740517689,461774646,,0.22025339305400848,0.0,0.9596884250640869,0.0,0.0
1740517689,473237565,,0.22025339305400848,0.0,0.9596884250640869,0.0,0.0
1740517689,526000794,,0.22025339305400848,0.0,0.9596884250640869,0.0,0.0
1740517689,588480814,,0.20263466238975525,0.0,0.9596884250640869,0.0,0.0
1740517689,601183777,,0.19559136033058167,0.0,0.9596884250640869,0.0,0.0
1740517689,640906535,,0.19206970930099487,0.0,1.2705764770507812,0.0,0.0
1740517689,680904432,,0.1744614541530609,0.0,1.2705764770507812,0.0,0.0
1740517689,687503980,,0.16740766167640686,0.0,1.2705764770507812,0.0,0.0
1740517689,706057971,,0.16036435961723328,0.0,1.2705764770507812,0.0,0.0
1740517689,717432858,,0.13923445343971252,0.0,1.2705764770507812,0.0,0.0
1740517689,729710633,,0.10400745272636414,0.0,1.2705764770507812,0.0,0.0
1740517689,739276415,,0.07230211794376373,0.0,1.2705764770507812,0.0,0.0
1740517689,750986377,,0.00890191551297903,0.0,1.2705764770507812,0.0,0.0
1740517689,775010786,,0.0,0.0,1.2705764770507812,0.0,0.0
1740517689,824668578,,0.0,0.0,1.2705764770507812,0.0,0.0
1740517689,878470440,,0.0,0.0,1.2705764770507812,0.0,0.0
1740517689,931241573,,0.0,0.0,1.2705764770507812,0.0,0.0
1740517689,981761165,,0.0,0.0,1.2705764770507812,0.0,0.0
1740517690,33087932,,0.0,0.0,1.2705764770507812,0.0,0.0
1740517690,87371524,,0.0,0.0,1.2705764770507812,0.0,0.0
1740517690,137362822,,0.0,0.0,1.2705764770507812,0.0,0.0
1740517690,193497952,,0.0,0.0,1.2705764770507812,0.0,0.0
1740517690,254434500,,0.0,0.0,1.2705764770507812,0.0,0.0
1740517690,280750001,,0.00890191551297903,0.0,1.2705764770507812,0.0,0.0
1740517690,298765843,,0.026510171592235565,0.0,1.2705764770507812,0.0,0.0
1740517690,305337871,,0.0441289059817791,0.0,1.2705764770507812,0.0,0.0
1740517690,314908069,,0.054693859070539474,0.0,1.2705764770507812,0.0,0.0
1740517690,326182506,,0.07230211794376373,0.0,1.2705764770507812,0.0,0.0
1740517690,347926766,,0.08639919757843018,0.0,1.2705764770507812,0.0,0.0
1740517690,360212669,,0.09696415066719055,0.0,1.2705764770507812,0.0,0.0
1740517690,377302838,,0.11457240581512451,0.0,1.2705764770507812,0.0,0.0
1740517690,387253424,,0.1251373589038849,0.0,1.2705764770507812,0.0,0.0
1740517690,425829291,,0.13219115138053894,0.0,1.2705764770507812,0.0,0.0
1740517690,476199505,,0.13219115138053894,0.0,1.2705764770507812,0.0,0.0
1740517690,530101078,,0.13219115138053894,0.0,1.2705764770507812,0.0,0.0
1740517690,571063783,,0.10752910375595093,0.0,1.2705764770507812,0.0,0.0
1740517690,584747746,,0.08992084860801697,0.0,1.2705764770507812,0.0,0.0
1740517690,600090668,,0.07934542000293732,0.0,1.2705764770507812,0.0,0.0
1740517690,619733597,,0.05117220804095268,0.0,1.2705764770507812,0.0,0.0
1740517690,630732032,,0.026510171592235565,0.0,1.2705764770507812,0.0,0.0
1740517690,631926795,,0.01946686953306198,0.0,1.2705764770507812,0.0,0.0
1740517690,681486153,,0.01946686953306198,0.0,1.2705764770507812,0.0,0.0
1740517690,730127871,,0.00890191551297903,0.0,1.2705764770507812,0.0,0.0
1740517690,749465549,,0.005380264949053526,0.0,1.2705764770507812,0.0,0.0
1740517690,782776313,,0.0,0.0,1.2705764770507812,0.0,0.0
1740517690,836607229,,0.0,0.0,1.2705764770507812,0.0,0.0
1740517690,892121585,,0.0,0.0,1.2705764770507812,0.0,0.0
1740517690,918945186,,0.0,0.0,1.3741543292999268,0.0,0.0
1740517690,971432859,,0.0,0.0,1.3741543292999268,0.0,0.0
1740517691,27719221,,0.0,0.0,1.3741543292999268,0.0,0.0
1740517691,82308959,,0.0,0.0,1.3741543292999268,0.0,0.0
1740517691,132185631,,0.0,0.0,1.3741543292999268,0.0,0.0
1740517691,186718408,,0.0,0.0,1.3741543292999268,0.0,0.0
1740517691,239075102,,0.0,0.0,1.3741543292999268,0.0,0.0
1740517691,291656950,,0.0,0.0,1.3741543292999268,0.0,0.0
1740517691,348162993,,0.0,0.0,1.3741543292999268,0.0,0.0
1740517691,397495692,,0.0,0.0,1.3741543292999268,0.0,0.0
1740517691,449043707,,0.0,0.0,1.3741543292999268,0.0,0.0
1740517691,501788244,,0.0,0.0,1.3741543292999268,0.0,0.0
1740517691,551068014,,0.0,0.0,1.3741543292999268,0.0,0.0
1740517691,612972666,,0.0,0.0,1.425943374633789,0.0,0.0
1740517691,657253351,,0.0,0.0,1.5813102722167969,0.0,0.0
1740517691,674099231,,0.0,0.0,1.6330993175506592,0.0,0.0
1740517691,726268339,,0.0,0.0,1.6330993175506592,0.0,0.0
1740517691,780385529,,0.0,0.0,1.6330993175506592,0.0,0.0
1740517691,821449865,,0.0,0.0,1.2187875509262085,0.0,0.0
1740517691,844055476,,0.0,0.0,1.063266396522522,0.0,0.0
1740517691,863102495,,0.0,0.0,0.9596884250640869,0.0,0.0
1740517691,919094166,,0.0,0.0,1.2187875509262085,0.0,0.0
1740517691,940204307,,0.0,0.0,1.2705764770507812,0.0,0.0
1740517691,996234762,,0.0,0.0,1.2705764770507812,0.0,0.0
1740517692,45902887,,0.0,0.0,1.2705764770507812,0.0,0.0
1740517692,116500510,,0.005380264949053526,0.0,1.3741543292999268,0.0,0.0
1740517692,131044961,,0.005380264949053526,0.0,1.5295213460922241,0.0,0.0
1740517692,139453516,,0.00890191551297903,0.0,1.5813102722167969,0.0,0.0
1740517692,145469858,,0.026510171592235565,0.0,1.5813102722167969,0.0,0.0
1740517692,158418998,,0.03707512468099594,0.0,1.5813102722167969,0.0,0.0
1740517692,178852652,,0.0441289059817791,0.0,1.5813102722167969,0.0,0.0
1740517692,210049252,,0.05117220804095268,0.0,1.5813102722167969,0.0,0.0
1740517692,260653737,,0.05117220804095268,0.0,1.5813102722167969,0.0,0.0
1740517692,317402692,,0.05117220804095268,0.0,1.5813102722167969,0.0,0.0
1740517692,372020365,,0.05117220804095268,0.0,1.5813102722167969,0.0,0.0
1740517692,391522460,,0.03355347365140915,0.0,1.3741543292999268,0.0,0.0
1740517692,422554289,,0.03355347365140915,0.0,1.2705764770507812,0.0,0.0
1740517692,457859949,,0.05117220804095268,0.0,1.2187875509262085,0.0,0.0
1740517692,472106317,,0.07230211794376373,0.0,1.2187875509262085,0.0,0.0
1740517692,486494798,,0.09696415066719055,0.0,1.1150553226470947,0.0,0.0
1740517692,492323138,,0.10400745272636414,0.0,0.9596884250640869,0.0,0.0
1740517692,501178193,,0.13219115138053894,0.0,0.9596884250640869,0.0,0.0
1740517692,524097534,,0.16036435961723328,0.0,0.9596884250640869,0.0,0.0
1740517692,532736043,,0.16036435961723328,0.0,0.9596884250640869,0.0,0.0
1740517692,555702169,,0.1744614541530609,0.0,0.9596884250640869,0.0,0.0
1740517692,564428263,,0.1779831051826477,0.0,0.9596884250640869,0.0,0.0
1740517692,566565530,,0.1850264072418213,0.0,0.9596884250640869,0.0,0.0
1740517692,575246792,,0.19206970930099487,0.0,0.9596884250640869,0.0,0.0
