1746046816,89801066,,-0.04411842301487923,0.0,0.0,0.0,0.0
1746046816,102204293,,0.030031822621822357,0.0,0.0,0.0,0.0
1746046816,122860818,,0.3400000035762787,0.0,0.0,0.0,0.0
1746046816,183852880,,0.14275610446929932,0.0,0.0,0.0,0.0
1746046816,198457858,,-0.008891434408724308,0.0,0.0,0.0,0.0
1746046816,216506197,,-0.31534844636917114,0.0,0.0,0.0,0.0
1746046816,233163450,,-0.3400000035762787,0.0,0.0,0.0,0.0
1746046816,267774930,,-0.3400000035762787,0.0,0.0,0.0,0.0
1746046816,273665645,,-0.3400000035762787,0.0,0.0,0.0,0.0
1746046816,290731574,,-0.2202429175376892,0.0,0.0,0.0,0.0
1746046816,329870875,,-0.0229780375957489,0.0,0.0,0.0,0.0
1746046816,343300321,,0.2167317420244217,0.0,0.0,0.0,0.0
1746046816,354189613,,0.13219115138053894,0.0,0.0,0.0,0.0
1746046816,367188974,,0.01946686953306198,0.0,0.0,0.0,0.0
1746046816,378612672,,0.0,0.0,0.0,0.0,0.0
1746046816,407563807,,-0.12160523235797882,0.0,0.0,0.0,0.0
1746046816,434509099,,-0.3400000035762787,0.0,0.0,0.0,0.0
1746046816,469105091,,-0.3400000035762787,0.0,0.0,0.0,0.0
1746046816,488283105,,-0.3400000035762787,0.0,0.0,0.0,0.0
1746046816,495886381,,-0.2625131905078888,0.0,0.0,0.0,0.0
1746046816,507085116,,0.0,0.0,0.0,0.0,0.0
1746046816,528665683,,0.12866950035095215,0.0,0.0,0.0,0.0
1746046816,537872782,,0.24490495026111603,0.0,0.0,0.0,0.0
1746046816,548520216,,0.3400000035762787,0.0,0.0,0.0,0.0
1746046816,559244482,,0.3400000035762787,0.0,0.0,0.0,0.0
1746046816,569231686,,0.3400000035762787,0.0,0.0,0.0,0.0
1746046816,589871763,,0.26252368092536926,0.0,0.0,0.0,0.0
1746046816,599833046,,0.07582376897335052,0.0,0.0,0.0,0.0
1746046816,610362078,,0.0,0.0,0.0,0.0,0.0
1746046816,662585061,,0.0,0.0,0.0,0.0,0.0
1746046816,718394512,,0.0,0.0,0.0,0.0,0.0
1746046816,769350602,,0.0,0.0,0.0,0.0,0.0
1746046816,820154595,,0.0,0.0,0.0,0.0,0.0
1746046816,871825188,,0.0,0.0,0.0,0.0,0.0
1746046816,923381829,,0.0,0.0,0.0,0.0,0.0
1746046816,974268318,,0.0,0.0,0.0,0.0,0.0
1746046817,27273485,,0.0,0.0,0.0,0.0,0.0
1746046817,78588139,,0.0,0.0,0.0,0.0,0.0
1746046817,130275500,,0.0,0.0,0.0,0.0,0.0
1746046817,184323397,,0.0,0.0,0.0,0.0,0.0
1746046817,235178718,,0.0,0.0,0.0,0.0,0.0
1746046817,286674846,,0.0,0.0,0.0,0.0,0.0
1746046817,339736813,,0.0,0.0,0.0,0.0,0.0
1746046817,390844009,,0.0,0.0,0.0,0.0,0.0
1746046817,442020997,,0.0,0.0,0.0,0.0,0.0
1746046817,492759453,,0.0,0.0,0.0,0.0,0.0
1746046817,544931908,,0.0,0.0,0.0,0.0,0.0
1746046817,595901918,,0.0,0.0,0.0,0.0,0.0
1746046817,647051194,,0.0,0.0,0.0,0.0,0.0
1746046817,700289995,,0.0,0.0,0.0,0.0,0.0
1746046817,751241445,,0.0,0.0,0.0,0.0,0.0
1746046817,802180288,,0.0,0.0,0.0,0.0,0.0
1746046817,853818977,,0.0,0.0,0.0,0.0,0.0
1746046817,905542818,,0.0,0.0,0.0,0.0,0.0
1746046817,955360433,,0.0,0.0,0.0,0.0,0.0
1746046818,6588622,,0.0,0.0,0.0,0.0,0.0
1746046818,58654452,,0.0,0.0,0.0,0.0,0.0
1746046818,108763429,,0.0,0.0,0.0,0.0,0.0
1746046818,160264037,,0.0,0.0,0.0,0.0,0.0
1746046818,213526166,,0.0,0.0,0.0,0.0,0.0
1746046818,267188331,,0.0,0.0,0.0,0.0,0.0
1746046818,316776472,,0.0,0.0,0.0,0.0,0.0
1746046818,370053673,,0.0,0.0,0.0,0.0,0.0
1746046818,419193361,,0.0,0.0,0.0,0.0,0.0
1746046818,473747663,,0.0,0.0,0.0,0.0,0.0
1746046818,523365500,,0.0,0.0,0.0,0.0,0.0
1746046818,576716814,,0.0,0.0,0.0,0.0,0.0
1746046818,627792425,,0.0,0.0,0.0,0.0,0.0
1746046818,678537281,,0.0,0.0,0.0,0.0,0.0
1746046818,729535772,,0.0,0.0,0.0,0.0,0.0
1746046818,780441974,,0.0,0.0,0.0,0.0,0.0
1746046818,833479237,,0.0,0.0,0.0,0.0,0.0
1746046818,884292957,,0.0,0.0,0.0,0.0,0.0
1746046818,936770023,,0.0,0.0,0.0,0.0,0.0
1746046818,985622124,,0.0,0.0,0.0,0.0,0.0
1746046819,43119463,,0.0,0.0,0.0,0.0,0.0
1746046819,92784821,,0.0,0.0,0.0,0.0,0.0
1746046819,143461324,,0.0,0.0,0.13091053068637848,0.0,0.0
1746046819,164324475,,0.0,0.0,0.4934334456920624,0.0,0.0
1746046819,174543201,,0.0,0.0,0.8561104536056519,0.0,0.0
1746046819,184838663,,0.0,0.0,1.063266396522522,0.0,0.0
1746046819,195557649,,0.0,0.0,1.3741543292999268,0.0,0.0
1746046819,216554786,,0.0,0.0,1.425943374633789,0.0,0.0
1746046819,242041311,,0.0,0.0,1.5295213460922241,0.0,0.0
1746046819,288787983,,0.0,0.0,1.5295213460922241,0.0,0.0
1746046819,320009670,,0.0,0.0,1.9957764148712158,0.0,0.0
1746046819,340588594,,0.0,0.0,2.2547214031219482,0.0,0.0
1746046819,353268848,,0.0,0.0,2.4618773460388184,0.0,0.0
1746046819,372141195,,0.0,0.0,2.5138206481933594,0.0,0.0
1746046819,423601866,,0.0,0.0,2.2547214031219482,0.0,0.0
1746046819,454547710,,0.0,0.0,2.0993545055389404,0.0,0.0
1746046819,457964960,,0.0,0.0,1.943987488746643,0.0,0.0
1746046819,468273094,,0.0,0.0,1.788466215133667,0.0,0.0
1746046819,482200561,,0.0,0.0,1.6330993175506592,0.0,0.0
1746046819,502324024,,0.0,0.0,1.425943374633789,0.0,0.0
1746046819,512745504,,0.040607254952192307,0.0,1.3741543292999268,0.0,0.0
1746046819,523656140,,0.07934542000293732,0.0,1.2705764770507812,0.0,0.0
1746046819,533995187,,0.1216157078742981,0.0,1.2705764770507812,0.0,0.0
1746046819,544726494,,0.13923445343971252,0.0,1.2187875509262085,0.0,0.0
1746046819,556424306,,0.17093980312347412,0.0,1.2187875509262085,0.0,0.0
1746046819,567203677,,0.1850264072418213,0.0,1.1150553226470947,0.0,0.0
1746046819,578887953,,0.19559136033058167,0.0,1.1150553226470947,0.0,0.0
1746046819,588163085,,0.20615631341934204,0.0,1.1150553226470947,0.0,0.0
1746046819,608057907,,0.2167317420244217,0.0,1.1150553226470947,0.0,0.0
1746046819,649397869,,0.23433999717235565,0.0,1.1150553226470947,0.0,0.0
1746046819,671507433,,0.24490495026111603,0.0,1.1150553226470947,0.0,0.0
1746046819,721054997,,0.24490495026111603,0.0,1.1150553226470947,0.0,0.0
1746046819,751698213,,0.20263466238975525,0.0,1.1150553226470947,0.0,0.0
1746046819,763221752,,0.1744614541530609,0.0,1.1150553226470947,0.0,0.0
1746046819,776068152,,0.1497994065284729,0.0,1.3741543292999268,0.0,0.0
1746046819,796777733,,0.13923445343971252,0.0,1.3741543292999268,0.0,0.0
1746046819,807309326,,0.1216157078742981,0.0,1.3741543292999268,0.0,0.0
1746046819,817597492,,0.10752910375595093,0.0,1.3741543292999268,0.0,0.0
1746046819,827838234,,0.07582376897335052,0.0,1.3741543292999268,0.0,0.0
1746046819,838822375,,0.040607254952192307,0.0,1.3741543292999268,0.0,0.0
1746046819,859160913,,0.0,0.0,1.3741543292999268,0.0,0.0
1746046819,910643792,,0.0,0.0,1.3741543292999268,0.0,0.0
1746046819,933227281,,0.0,0.0,1.425943374633789,0.0,0.0
1746046819,952562641,,0.0,0.0,1.5295213460922241,0.0,0.0
1746046819,982924414,,0.0,0.0,1.5813102722167969,0.0,0.0
1746046820,34098266,,0.0,0.0,1.5813102722167969,0.0,0.0
1746046820,85394968,,0.0,0.0,1.5813102722167969,0.0,0.0
1746046820,156106326,,0.05117220804095268,0.0,1.3741543292999268,0.0,0.0
1746046820,166604894,,0.11105075478553772,0.0,1.3741543292999268,0.0,0.0
1746046820,177182856,,0.1497994065284729,0.0,1.3741543292999268,0.0,0.0
1746046820,187455790,,0.19206970930099487,0.0,1.3741543292999268,0.0,0.0
1746046820,198153272,,0.22377504408359528,0.0,1.3741543292999268,0.0,0.0
1746046820,208047002,,0.2554803788661957,0.0,1.3741543292999268,0.0,0.0
1746046820,220560118,,0.28365358710289,0.0,1.3741543292999268,0.0,0.0
1746046820,240107000,,0.29775065183639526,0.0,1.3741543292999268,0.0,0.0
1746046820,292209662,,0.29775065183639526,0.0,1.3741543292999268,0.0,0.0
1746046820,342437169,,0.29775065183639526,0.0,1.3741543292999268,0.0,0.0
1746046820,372739262,,0.27661028504371643,0.0,1.3741543292999268,0.0,0.0
1746046820,424758850,,0.27661028504371643,0.0,1.3741543292999268,0.0,0.0
1746046820,474737619,,0.27661028504371643,0.0,1.3741543292999268,0.0,0.0
1746046820,527506879,,0.27661028504371643,0.0,1.3741543292999268,0.0,0.0
1746046820,548465583,,0.0,0.0,1.2705764770507812,0.0,0.0
1746046820,599648171,,0.0,0.0,1.2705764770507812,0.0,0.0
1746046820,651408365,,0.0,0.0,1.2705764770507812,0.0,0.0
1746046820,702382536,,0.0,0.0,1.2705764770507812,0.0,0.0
1746046820,752953342,,0.0,0.0,1.2705764770507812,0.0,0.0
1746046820,802998511,,0.0,0.0,1.2705764770507812,0.0,0.0
1746046820,833890786,,-0.14626726508140564,0.0,1.2705764770507812,0.0,0.0
1746046820,844337802,,-0.2026241570711136,0.0,1.2705764770507812,0.0,0.0
1746046820,854699825,,-0.24489447474479675,0.0,1.2705764770507812,0.0,0.0
1746046820,865285018,,-0.2625131905078888,0.0,1.2705764770507812,0.0,0.0
1746046820,895938858,,-0.19558085501194,0.0,1.2705764770507812,0.0,0.0
1746046820,906536723,,-0.09695367515087128,0.0,1.2705764770507812,0.0,0.0
1746046820,927012639,,0.0,0.0,1.2705764770507812,0.0,0.0
1746046820,959232863,,0.0,0.0,1.1150553226470947,0.0,0.0
1746046820,979124708,,0.0,0.0,1.063266396522522,0.0,0.0
1746046821,29436472,,0.0,0.0,1.063266396522522,0.0,0.0
1746046821,80128079,,0.0,0.0,1.063266396522522,0.0,0.0
1746046821,130937704,,0.0,0.0,1.063266396522522,0.0,0.0
1746046821,171838974,,0.0,0.0,1.3741543292999268,0.0,0.0
1746046821,202331629,,0.0,0.0,1.5295213460922241,0.0,0.0
1746046821,224049061,,0.0,0.0,1.7366772890090942,0.0,0.0
1746046821,263916368,,0.0,0.0,1.788466215133667,0.0,0.0
1746046821,314954475,,0.0,0.0,1.788466215133667,0.0,0.0
1746046821,355600735,,0.0,0.0,1.5295213460922241,0.0,0.0
1746046821,386123790,,0.0,0.0,1.425943374633789,0.0,0.0
1746046821,447285357,,0.0,0.0,1.3741543292999268,0.0,0.0
1746046821,478789638,,0.0,0.0,1.2705764770507812,0.0,0.0
1746046821,531045325,,0.0,0.0,1.2705764770507812,0.0,0.0
1746046821,580529145,,0.0,0.0,1.2705764770507812,0.0,0.0
1746046821,631653588,,0.0,0.0,1.2705764770507812,0.0,0.0
1746046821,672704108,,-0.0229780375957489,0.0,1.2705764770507812,0.0,0.0
1746046821,683094547,,-0.05116172507405281,0.0,1.2705764770507812,0.0,0.0
1746046821,694597029,,-0.07229163497686386,0.0,1.2705764770507812,0.0,0.0
1746046821,706086968,,-0.10751862823963165,0.0,1.2705764770507812,0.0,0.0
1746046821,715441908,,-0.12865900993347168,0.0,1.5295213460922241,0.0,0.0
1746046821,736191842,,-0.12865900993347168,0.0,1.6330993175506592,0.0,0.0
1746046821,756748975,,-0.04411842301487923,0.0,1.6330993175506592,0.0,0.0
1746046821,766885907,,0.0,0.0,1.6330993175506592,0.0,0.0
1746046821,818500596,,0.0,0.0,1.6330993175506592,0.0,0.0
1746046821,839160641,,0.0,0.0,1.7366772890090942,0.0,0.0
1746046821,858674723,,0.0,0.0,1.5295213460922241,0.0,0.0
1746046821,881170434,,0.0,0.0,1.3741543292999268,0.0,0.0
1746046821,910000993,,0.0,0.0,1.2705764770507812,0.0,0.0
1746046821,961361919,,0.0,0.0,1.2705764770507812,0.0,0.0
1746046821,992952184,,0.0,0.0,1.5295213460922241,0.0,0.0
1746046822,43046218,,0.0,0.0,1.5295213460922241,0.0,0.0
1746046822,85798322,,0.0,0.0,1.2705764770507812,0.0,0.0
1746046822,140149102,,0.0,0.0,1.5295213460922241,0.0,0.0
1746046822,161975015,,0.0,0.0,1.788466215133667,0.0,0.0
1746046822,170424699,,0.0,0.0,1.943987488746643,0.0,0.0
1746046822,192038161,,0.0,0.0,1.9957764148712158,0.0,0.0
1746046822,222669889,,0.0,0.0,2.0993545055389404,0.0,0.0
1746046822,243488720,,0.0,0.0,2.3582992553710938,0.0,0.0
1746046822,253964248,,0.0,0.0,2.617398500442505,0.0,0.0
1746046822,264192798,,0.0,0.0,2.824554443359375,0.0,0.0
1746046822,274370467,,0.0,0.0,2.979921340942383,0.0,0.0
1746046822,325722081,,0.0,0.0,2.979921340942383,0.0,0.0
1746046822,366288371,,0.0,0.0,2.617398500442505,0.0,0.0
1746046822,376606074,,0.0,0.0,2.4618773460388184,0.0,0.0
1746046822,388607377,,0.0,0.0,2.2547214031219482,0.0,0.0
1746046822,407709007,,0.0,0.0,2.1511433124542236,0.0,0.0
1746046822,459913845,,0.0,0.0,2.1511433124542236,0.0,0.0
1746046822,469694870,,0.0,0.0,2.0993545055389404,0.0,0.0
1746046822,492829820,,0.0,0.0,1.943987488746643,0.0,0.0
1746046822,505753884,,0.0,0.0,1.788466215133667,0.0,0.0
1746046822,516330597,,0.0,0.0,1.6330993175506592,0.0,0.0
1746046822,528697440,,0.0,0.0,1.425943374633789,0.0,0.0
1746046822,539210824,,0.0,0.0,1.063266396522522,0.0,0.0
1746046822,551205504,,0.0,0.0,0.8561104536056519,0.0,0.0
1746046822,560644893,,0.0,0.0,0.6489545106887817,0.0,0.0
1746046822,581616718,,0.0,0.0,0.5452224016189575,0.0,0.0
1746046822,621922494,,0.0,0.0,0.8561104536056519,0.0,0.0
1746046822,632327269,,0.0,0.0,1.0114774703979492,0.0,0.0
1746046822,642934190,,0.0,0.0,1.425943374633789,0.0,0.0
1746046822,653364534,,0.0,0.0,1.7366772890090942,0.0,0.0
1746046822,663905119,,0.0,0.0,2.3065104484558105,0.0,0.0
1746046822,674366854,,0.0,0.0,2.7209763526916504,0.0,0.0
1746046822,684787598,,0.0,0.0,2.979921340942383,0.0,0.0
1746046822,695219926,,0.0,0.0,3.3425984382629395,0.0,0.0
1746046822,708197558,,0.0,0.0,3.601543426513672,0.0,0.0
1746046822,721474010,,0.0,0.0,3.912431240081787,0.0,0.0
1746046822,729705324,,0.0,0.0,4.119587421417236,0.0,0.0
1746046822,750970175,,0.0,0.0,4.223165035247803,0.0,0.0
1746046822,803020740,,0.0,0.0,4.223165035247803,0.0,0.0
1746046822,853784892,,0.0,0.0,4.223165035247803,0.0,0.0
1746046822,884604206,,0.0,0.0,4.274954319000244,0.0,0.0
1746046822,907463633,,0.0,0.0,4.430475234985352,0.0,0.0
1746046822,926816529,,0.0,0.0,4.585842132568359,0.0,0.0
1746046822,978080846,,0.0,0.0,4.585842132568359,0.0,0.0
1746046823,19500714,,0.0,0.0,4.274954319000244,0.0,0.0
1746046823,41155873,,0.0,0.0,3.912431240081787,0.0,0.0
1746046823,51866347,,0.0,0.0,3.7570643424987793,0.0,0.0
1746046823,75162738,,0.0,0.0,3.7051212787628174,0.0,0.0
1746046823,122692170,,0.0,0.0,3.7051212787628174,0.0,0.0
1746046823,173877062,,0.0,0.0,3.7051212787628174,0.0,0.0
1746046823,195045656,,0.0,0.0,3.5497543811798096,0.0,0.0
1746046823,205504224,,0.0,0.0,3.0834994316101074,0.0,0.0
1746046823,216057769,,0.0,0.0,2.617398500442505,0.0,0.0
1746046823,226528305,,0.0,0.0,1.788466215133667,0.0,0.0
1746046823,238015555,,0.0,0.0,1.2705764770507812,0.0,0.0
1746046823,240770270,,0.0,0.0,0.5452224016189575,0.0,0.0
1746046823,258707825,,0.0,0.0,0.0,0.0,0.0
1746046823,314162423,,0.0,0.0,0.0,0.0,0.0
1746046823,362129491,,0.0,0.0,0.0,0.0,0.0
1746046823,413903893,,0.0,0.0,0.0,0.0,0.0
1746046823,464899728,,0.0,0.0,0.0,0.0,0.0
1746046823,516886996,,0.0,0.0,0.0,0.0,0.0
1746046823,567304904,,0.0,0.0,0.0,0.0,0.0
1746046823,618738375,,0.0,0.0,0.0,0.0,0.0
1746046823,659674974,,0.07582376897335052,0.0,0.0,0.0,0.0
1746046823,670873549,,0.17093980312347412,0.0,0.0,0.0,0.0
1746046823,681506102,,0.3153589069843292,0.0,0.0,0.0,0.0
1746046823,692467715,,0.3400000035762787,0.0,0.0,0.0,0.0
1746046823,743609151,,0.3400000035762787,0.0,0.0,0.0,0.0
1746046823,754400106,,0.30479395389556885,0.0,0.0,0.0,0.0
1746046823,764815185,,0.17093980312347412,0.0,0.0,0.0,0.0
1746046823,775755134,,0.0,0.0,0.0,0.0,0.0
1746046823,868494135,,0.0,0.0,0.0,0.0,0.0
1746046823,920976704,,0.0,0.0,0.02733256295323372,0.0,0.0
1746046823,940414625,,0.0,0.0,0.1826995313167572,0.0,0.0
1746046823,960738699,,0.0,0.0,0.3380664885044098,0.0,0.0
1746046823,970872335,,0.0,0.0,0.7007434964179993,0.0,0.0
1746046823,981810492,,0.0,0.0,1.063266396522522,0.0,0.0
1746046823,993941620,,0.0,0.0,1.5813102722167969,0.0,0.0
1746046824,3535860,,0.0,0.0,2.1511433124542236,0.0,0.0
1746046824,14084508,,0.0,0.0,2.617398500442505,0.0,0.0
1746046824,24342274,,0.0,0.0,2.8763434886932373,0.0,0.0
1746046824,35318831,,0.0,0.0,3.0834994316101074,0.0,0.0
1746046824,45277458,,-0.0018481331644579768,0.0,3.1872315406799316,0.0,0.0
1746046824,75891682,,0.0,0.0,3.1872315406799316,0.0,0.0
1746046824,126803515,,0.0,0.0,2.979921340942383,0.0,0.0
1746046824,147572521,,0.0,0.0,2.7209763526916504,0.0,0.0
1746046824,168257527,,0.0,0.0,2.617398500442505,0.0,0.0
1746046824,188408319,,0.0,0.0,2.5138206481933594,0.0,0.0
1746046824,208951627,,0.0,0.0,2.4618773460388184,0.0,0.0
1746046824,229327765,,0.0,0.0,2.3582992553710938,0.0,0.0
1746046824,250033539,,0.0,0.0,2.2547214031219482,0.0,0.0
1746046824,270386381,,0.0,0.0,2.1511433124542236,0.0,0.0
1746046824,321413863,,0.0,0.0,2.1511433124542236,0.0,0.0
1746046824,352091064,,-0.07229163497686386,0.0,2.1511433124542236,0.0,0.0
1746046824,364405138,,-0.14626726508140564,0.0,2.1511433124542236,0.0,0.0
1746046824,374261460,,-0.1673971712589264,0.0,2.0993545055389404,0.0,0.0
1746046824,384957630,,-0.23432952165603638,0.0,1.8921984434127808,0.0,0.0
1746046824,401242976,,-0.3400000035762787,0.0,1.6330993175506592,0.0,0.0
1746046824,419868121,,-0.3400000035762787,0.0,1.3741543292999268,0.0,0.0
1746046824,431312010,,-0.3400000035762787,0.0,1.2187875509262085,0.0,0.0
1746046824,443171328,,-0.3400000035762787,0.0,1.1150553226470947,0.0,0.0
1746046824,454113197,,-0.3400000035762787,0.0,1.063266396522522,0.0,0.0
1746046824,464587285,,-0.3400000035762787,0.0,1.063266396522522,0.0,0.0
1746046824,474250645,,-0.3400000035762787,0.0,1.063266396522522,0.0,0.0
1746046824,488614179,,-0.3400000035762787,0.0,1.2705764770507812,0.0,0.0
1746046824,515621807,,-0.3400000035762787,0.0,1.3741543292999268,0.0,0.0
1746046824,566574473,,-0.3400000035762787,0.0,1.3741543292999268,0.0,0.0
1746046824,587644314,,-0.3400000035762787,0.0,1.5813102722167969,0.0,0.0
1746046824,607950820,,-0.3400000035762787,0.0,1.6330993175506592,0.0,0.0
1746046824,661156628,,-0.3400000035762787,0.0,1.6330993175506592,0.0,0.0
1746046824,681191675,,-0.3400000035762787,0.0,1.3741543292999268,0.0,0.0
1746046824,701879464,,-0.3400000035762787,0.0,1.2705764770507812,0.0,0.0
1746046824,753339879,,-0.3400000035762787,0.0,1.2705764770507812,0.0,0.0
1746046824,804263681,,-0.2695564925670624,0.0,1.2705764770507812,0.0,0.0
1746046824,814686056,,-0.20966745913028717,0.0,1.2705764770507812,0.0,0.0
1746046824,825339634,,-0.1920592039823532,0.0,1.2705764770507812,0.0,0.0
1746046824,837603596,,-0.18501590192317963,0.0,1.2705764770507812,0.0,0.0
1746046824,856185540,,-0.2202429175376892,0.0,1.2705764770507812,0.0,0.0
1746046824,866118759,,-0.25193777680397034,0.0,1.2705764770507812,0.0,0.0
1746046824,876889074,,-0.2660348415374756,0.0,1.2705764770507812,0.0,0.0
1746046824,888080193,,-0.28012144565582275,0.0,1.2705764770507812,0.0,0.0
1746046824,907717316,,-0.28716474771499634,0.0,1.2705764770507812,0.0,0.0
1746046824,928041390,,-0.301261842250824,0.0,1.2705764770507812,0.0,0.0
1746046824,941566388,,-0.3364783525466919,0.0,1.2705764770507812,0.0,0.0
1746046824,950978129,,-0.3400000035762787,0.0,1.2705764770507812,0.0,0.0
1746046824,960285998,,-0.3400000035762787,0.0,1.2705764770507812,0.0,0.0
1746046824,991079071,,-0.3400000035762787,0.0,1.2705764770507812,0.0,0.0
1746046825,2461232,,-0.3400000035762787,0.0,1.2705764770507812,0.0,0.0
1746046825,54039568,,-0.3400000035762787,0.0,1.2705764770507812,0.0,0.0
1746046825,115311377,,-0.23432952165603638,0.0,1.2705764770507812,0.0,0.0
1746046825,125157170,,-0.14626726508140564,0.0,1.2705764770507812,0.0,0.0
1746046825,135847100,,0.0,0.0,1.2705764770507812,0.0,0.0
1746046825,186533620,,0.0,0.0,1.2705764770507812,0.0,0.0
1746046825,237590734,,0.0,0.0,1.2705764770507812,0.0,0.0
1746046825,299792248,,-0.07581328600645065,0.0,1.2705764770507812,0.0,0.0
1746046825,321311373,,-0.18149425089359283,0.0,1.2705764770507812,0.0,0.0
1746046825,330729323,,-0.2272862195968628,0.0,1.2705764770507812,0.0,0.0
1746046825,341352692,,-0.24137282371520996,0.0,1.2705764770507812,0.0,0.0
1746046825,353837296,,-0.2695564925670624,0.0,1.2705764770507812,0.0,0.0
1746046825,362787657,,-0.29068639874458313,0.0,1.5813102722167969,0.0,0.0
1746046825,374612606,,-0.31887009739875793,0.0,1.7366772890090942,0.0,0.0
1746046825,384812868,,-0.3400000035762787,0.0,1.8921984434127808,0.0,0.0
1746046825,404210756,,-0.3400000035762787,0.0,1.943987488746643,0.0,0.0
1746046825,455382752,,-0.3400000035762787,0.0,1.943987488746643,0.0,0.0
1746046825,475801131,,-0.3400000035762787,0.0,1.943987488746643,0.0,0.0
1746046825,496583737,,-0.3400000035762787,0.0,1.943987488746643,0.0,0.0
1746046825,519485565,,-0.3400000035762787,0.0,1.943987488746643,0.0,0.0
1746046825,567760924,,-0.3400000035762787,0.0,1.943987488746643,0.0,0.0
1746046825,588521546,,-0.3400000035762787,0.0,1.7366772890090942,0.0,0.0
1746046825,641068083,,-0.3259133994579315,0.0,1.6330993175506592,0.0,0.0
1746046825,652571302,,-0.30478349328041077,0.0,1.6330993175506592,0.0,0.0
1746046825,661960355,,-0.27659979462623596,0.0,1.6330993175506592,0.0,0.0
1746046825,672920528,,-0.20614580810070038,0.0,1.6330993175506592,0.0,0.0
1746046825,683431832,,-0.09695367515087128,0.0,1.6330993175506592,0.0,0.0
1746046825,693871104,,0.0,0.0,1.6330993175506592,0.0,0.0
1746046825,704240742,,0.0,0.0,1.5813102722167969,0.0,0.0
1746046825,724635889,,0.0,0.0,1.425943374633789,0.0,0.0
1746046825,745129660,,0.01594521850347519,0.0,1.425943374633789,0.0,0.0
1746046825,755284737,,0.030031822621822357,0.0,1.425943374633789,0.0,0.0
1746046825,816392448,,0.005380264949053526,0.0,1.425943374633789,0.0,0.0
1746046825,826928168,,0.0,0.0,1.425943374633789,0.0,0.0
1746046825,877956291,,0.0,0.0,1.425943374633789,0.0,0.0
1746046825,898531919,,0.0,0.0,1.7366772890090942,0.0,0.0
1746046825,918797528,,0.0,0.0,1.943987488746643,0.0,0.0
1746046825,939824233,,0.0,0.0,1.9957764148712158,0.0,0.0
1746046825,961565217,,0.3400000035762787,0.0,1.9957764148712158,0.0,0.0
1746046825,970883677,,0.3400000035762787,0.0,1.7366772890090942,0.0,0.0
1746046825,993265403,,0.3400000035762787,0.0,1.6330993175506592,0.0,0.0
1746046826,43371437,,0.3400000035762787,0.0,1.6330993175506592,0.0,0.0
1746046826,94521768,,0.3400000035762787,0.0,1.425943374633789,0.0,0.0
1746046826,114871506,,0.3400000035762787,0.0,1.2187875509262085,0.0,0.0
1746046826,135488639,,0.3400000035762787,0.0,1.1150553226470947,0.0,0.0
1746046826,167561437,,0.3400000035762787,0.0,1.3741543292999268,0.0,0.0
1746046826,192460821,,0.3400000035762787,0.0,1.788466215133667,0.0,0.0
1746046826,199504410,,0.3400000035762787,0.0,1.9957764148712158,0.0,0.0
1746046826,219857444,,0.3400000035762787,0.0,2.0993545055389404,0.0,0.0
1746046826,251847842,,0.3400000035762787,0.0,1.8921984434127808,0.0,0.0
1746046826,301865394,,0.3400000035762787,0.0,1.8921984434127808,0.0,0.0
1746046826,354300859,,0.3400000035762787,0.0,1.8921984434127808,0.0,0.0
1746046826,405367382,,0.3400000035762787,0.0,1.8921984434127808,0.0,0.0
1746046826,456734356,,0.3400000035762787,0.0,1.8921984434127808,0.0,0.0
1746046826,507771086,,0.3400000035762787,0.0,1.788466215133667,0.0,0.0
1746046826,559057739,,0.3400000035762787,0.0,1.788466215133667,0.0,0.0
1746046826,609768194,,0.3400000035762787,0.0,1.788466215133667,0.0,0.0
1746046826,660832253,,0.3400000035762787,0.0,1.788466215133667,0.0,0.0
1746046826,711971353,,0.3400000035762787,0.0,1.788466215133667,0.0,0.0
1746046826,763238838,,0.3400000035762787,0.0,2.0993545055389404,0.0,0.0
1746046826,783720641,,0.3400000035762787,0.0,2.1511433124542236,0.0,0.0
1746046826,814436818,,0.3400000035762787,0.0,1.8921984434127808,0.0,0.0
1746046826,875608497,,0.3400000035762787,0.0,2.1511433124542236,0.0,0.0
1746046826,926482986,,0.3400000035762787,0.0,2.1511433124542236,0.0,0.0
1746046826,979028307,,0.3400000035762787,0.0,1.943987488746643,0.0,0.0
1746046826,999543135,,0.3400000035762787,0.0,1.8921984434127808,0.0,0.0
1746046827,30748821,,0.3400000035762787,0.0,1.788466215133667,0.0,0.0
1746046827,51783814,,0.3400000035762787,0.0,1.7366772890090942,0.0,0.0
1746046827,82183219,,0.3400000035762787,0.0,1.6330993175506592,0.0,0.0
1746046827,133166637,,0.3400000035762787,0.0,1.6330993175506592,0.0,0.0
1746046827,184582411,,0.3400000035762787,0.0,1.6330993175506592,0.0,0.0
1746046827,225137310,,0.3400000035762787,0.0,1.5813102722167969,0.0,0.0
1746046827,255761038,,0.3400000035762787,0.0,1.5295213460922241,0.0,0.0
1746046827,276228921,,0.3400000035762787,0.0,1.2705764770507812,0.0,0.0
1746046827,286535871,,0.3400000035762787,0.0,1.1150553226470947,0.0,0.0
1746046827,337725947,,0.3400000035762787,0.0,1.1150553226470947,0.0,0.0
1746046827,362279951,,0.3400000035762787,0.0,1.3741543292999268,0.0,0.0
1746046827,415542432,,0.3400000035762787,0.0,1.3741543292999268,0.0,0.0
1746046827,482972541,,0.3400000035762787,0.0,1.3741543292999268,0.0,0.0
1746046827,512295168,,0.3400000035762787,0.0,1.063266396522522,0.0,0.0
1746046827,563569693,,0.3400000035762787,0.0,0.7007434964179993,0.0,0.0
1746046827,604906967,,0.3400000035762787,0.0,0.7007434964179993,0.0,0.0
1746046827,655947441,,0.3400000035762787,0.0,0.7007434964179993,0.0,0.0
1746046827,706484199,,0.3400000035762787,0.0,0.7007434964179993,0.0,0.0
1746046827,757970246,,0.3400000035762787,0.0,0.7007434964179993,0.0,0.0
1746046827,809712423,,0.3400000035762787,0.0,0.7007434964179993,0.0,0.0
1746046827,860921572,,0.3400000035762787,0.0,0.7007434964179993,0.0,0.0
1746046827,916788782,,0.3400000035762787,0.0,0.7007434964179993,0.0,0.0
1746046827,966448987,,0.3400000035762787,0.0,0.7007434964179993,0.0,0.0
1746046827,992772640,,0.3400000035762787,0.0,1.063266396522522,0.0,0.0
1746046827,995339898,,0.3400000035762787,0.0,1.2705764770507812,0.0,0.0
1746046828,16397227,,0.3400000035762787,0.0,1.3741543292999268,0.0,0.0
1746046828,75807480,,0.3400000035762787,0.0,1.5295213460922241,0.0,0.0
1746046828,77762700,,0.2554803788661957,0.0,1.5295213460922241,0.0,0.0
1746046828,94981974,,0.1216157078742981,0.0,1.5295213460922241,0.0,0.0
1746046828,112682822,,0.0,0.0,1.5295213460922241,0.0,0.0
1746046828,167841353,,0.0,0.0,1.5295213460922241,0.0,0.0
1746046828,200198218,,0.0,0.0,1.5813102722167969,0.0,0.0
1746046828,230950972,,0.0,0.0,1.7366772890090942,0.0,0.0
1746046828,282081879,,0.0,0.0,1.7366772890090942,0.0,0.0
1746046828,347206909,,0.0,0.0,1.425943374633789,0.0,0.0
1746046828,365328401,,0.0,0.0,1.3741543292999268,0.0,0.0
1746046828,416847888,,0.0,0.0,1.3741543292999268,0.0,0.0
1746046828,471284140,,0.0,0.0,1.1150553226470947,0.0,0.0
1746046828,477988431,,0.0,0.0,1.0114774703979492,0.0,0.0
1746046828,529494190,,0.0,0.0,1.0114774703979492,0.0,0.0
1746046828,571644624,,0.0,0.0,1.2187875509262085,0.0,0.0
1746046828,624830720,,0.0,0.0,2.2547214031219482,0.0,0.0
1746046828,638909228,,0.0,0.0,3.3425984382629395,0.0,0.0
1746046828,646656089,,0.0,0.0,4.274954319000244,0.0,0.0
1746046828,657525669,,0.0,0.0,5.0,0.0,0.0
1746046828,710658164,,0.0,0.0,5.0,0.0,0.0
1746046828,762743097,,0.0,0.0,5.0,0.0,0.0
1746046828,812710185,,0.0,0.0,5.0,0.0,0.0
1746046828,864140583,,0.0,0.0,5.0,0.0,0.0
1746046828,919297002,,0.0,0.0,5.0,0.0,0.0
1746046828,935344617,,0.06878046691417694,0.0,5.0,0.0,0.0
1746046828,948075880,,0.1744614541530609,0.0,5.0,0.0,0.0
1746046828,957392964,,0.3400000035762787,0.0,5.0,0.0,0.0
1746046828,967309255,,0.3400000035762787,0.0,5.0,0.0,0.0
1746046828,977737358,,0.3400000035762787,0.0,5.0,0.0,0.0
1746046828,988693627,,0.3400000035762787,0.0,5.0,0.0,0.0
1746046829,1288248,,0.3400000035762787,0.0,5.0,0.0,0.0
1746046829,50131644,,0.3400000035762787,0.0,5.0,0.0,0.0
1746046829,102061056,,0.3400000035762787,0.0,5.0,0.0,0.0
1746046829,153803521,,0.3400000035762787,0.0,5.0,0.0,0.0
1746046829,204599929,,0.3400000035762787,0.0,5.0,0.0,0.0
1746046829,256273754,,0.1850264072418213,0.0,5.0,0.0,0.0
1746046829,266572512,,-0.11104027926921844,0.0,5.0,0.0,0.0
1746046829,276735717,,0.00890191551297903,0.0,5.0,0.0,0.0
1746046829,287066059,,0.0,0.0,5.0,0.0,0.0
1746046829,307397045,,0.0,0.0,4.689420223236084,0.0,0.0
1746046829,321074045,,0.0,0.0,4.585842132568359,0.0,0.0
1746046829,328533415,,0.0,0.0,4.326743125915527,0.0,0.0
1746046829,340475037,,0.0,0.0,4.067798137664795,0.0,0.0
1746046829,349603608,,0.0,0.0,3.860642433166504,0.0,0.0
1746046829,362712890,,0.0,0.0,3.3943872451782227,0.0,0.0
1746046829,370005858,,0.0,0.0,3.0834994316101074,0.0,0.0
1746046829,380365449,,0.0,0.0,2.824554443359375,0.0,0.0
1746046829,390996371,,0.0,0.0,2.3582992553710938,0.0,0.0
1746046829,402569509,,0.0,0.0,2.1511433124542236,0.0,0.0
1746046829,411621247,,0.0,0.0,1.788466215133667,0.0,0.0
1746046829,422054663,,0.0,0.0,1.5813102722167969,0.0,0.0
1746046829,434898566,,0.0,0.0,1.3741543292999268,0.0,0.0
1746046829,443603420,,0.0,0.0,1.063266396522522,0.0,0.0
1746046829,454456136,,0.0,0.0,0.7525324821472168,0.0,0.0
1746046829,464986609,,0.0,0.0,0.7007434964179993,0.0,0.0
1746046829,505322145,,0.0,0.0,0.3898554742336273,0.0,0.0
1746046829,546479321,,-0.14626726508140564,0.0,0.3898554742336273,0.0,0.0
1746046829,557215652,,-0.20966745913028717,0.0,0.3898554742336273,0.0,0.0
1746046829,568184593,,-0.301261842250824,0.0,0.3898554742336273,0.0,0.0
1746046829,579295903,,-0.3400000035762787,0.0,0.3898554742336273,0.0,0.0
1746046829,589293378,,-0.3400000035762787,0.0,0.3898554742336273,0.0,0.0
1746046829,599947660,,-0.3400000035762787,0.0,0.7525324821472168,0.0,0.0
1746046829,610516917,,-0.3400000035762787,0.0,1.5295213460922241,0.0,0.0
1746046829,621787044,,-0.3400000035762787,0.0,2.3065104484558105,0.0,0.0
1746046829,623418037,,-0.3400000035762787,0.0,3.031710386276245,0.0,0.0
1746046829,637215870,,-0.3400000035762787,0.0,3.7051212787628174,0.0,0.0
1746046829,649391382,,-0.29068639874458313,0.0,4.585842132568359,0.0,0.0
1746046829,660374275,,-0.2695564925670624,0.0,4.948365211486816,0.0,0.0
1746046829,671642867,,-0.24137282371520996,0.0,5.0,0.0,0.0
1746046829,681844536,,-0.23080787062644958,0.0,5.0,0.0,0.0
1746046829,692252864,,-0.21672126650810242,0.0,5.0,0.0,0.0
1746046829,702919689,,-0.18501590192317963,0.0,5.0,0.0,0.0
1746046829,714815071,,-0.15331056714057922,0.0,5.0,0.0,0.0
1746046829,725650219,,-0.08286707103252411,0.0,5.0,0.0,0.0
1746046829,736275860,,0.0,0.0,5.0,0.0,0.0
1746046829,746790013,,0.0,0.0,5.0,0.0,0.0
1746046829,767436170,,0.0,0.0,4.637631416320801,0.0,0.0
1746046829,777924722,,0.0,0.0,4.274954319000244,0.0,0.0
1746046829,788539739,,0.0,0.0,3.860642433166504,0.0,0.0
1746046829,803579344,,0.0,0.0,3.601543426513672,0.0,0.0
1746046829,813293201,,0.0,0.0,3.3943872451782227,0.0,0.0
1746046829,821771109,,0.0,0.0,3.239020347595215,0.0,0.0
1746046829,831196098,,0.0,0.0,3.0834994316101074,0.0,0.0
1746046829,851973296,,0.0,0.0,2.979921340942383,0.0,0.0
1746046829,875852701,,-0.09343202412128448,0.0,2.824554443359375,0.0,0.0
1746046829,883089029,,-0.18501590192317963,0.0,2.617398500442505,0.0,0.0
1746046829,894548759,,-0.29068639874458313,0.0,2.4618773460388184,0.0,0.0
1746046829,905317666,,-0.3400000035762787,0.0,1.8921984434127808,0.0,0.0
1746046829,915579751,,-0.3400000035762787,0.0,1.063266396522522,0.0,0.0
1746046829,936290517,,-0.3400000035762787,0.0,0.4934334456920624,0.0,0.0
1746046829,947041888,,-0.3400000035762787,0.0,0.28627750277519226,0.0,0.0
1746046829,962773020,,-0.3400000035762787,0.0,0.13091053068637848,0.0,0.0
1746046829,969322461,,-0.31534844636917114,0.0,0.0,0.0,0.0
1746046829,979935238,,-0.03706464171409607,0.0,0.0,0.0,0.0
1746046829,990618320,,0.0,0.0,0.0,0.0,0.0
1746046830,40838306,,0.0,0.0,0.0,0.0,0.0
1746046830,92311713,,0.0,0.0,0.0,0.0,0.0
1746046830,153532704,,-0.3400000035762787,0.0,0.0,0.0,0.0
1746046830,216067981,,0.0,0.0,0.0,0.0,0.0
1746046830,226275410,,-0.03354299068450928,0.0,0.0,0.0,0.0
1746046830,240620640,,0.0,0.0,0.0,0.0,0.0
1746046830,281901050,,0.0,0.0,0.13091053068637848,0.0,0.0
1746046830,291637978,,0.0,0.0,0.3380664885044098,0.0,0.0
1746046830,312912174,,0.0,0.0,0.3898554742336273,0.0,0.0
1746046830,332702258,,0.0,0.0,0.5452224016189575,0.0,0.0
1746046830,353608097,,0.0,0.0,0.9078994393348694,0.0,0.0
1746046830,364407372,,0.0,0.0,1.3741543292999268,0.0,0.0
1746046830,375304281,,0.0,0.0,1.7366772890090942,0.0,0.0
1746046830,385511102,,0.0,0.0,1.9957764148712158,0.0,0.0
1746046830,397226994,,0.0,0.0,2.3065104484558105,0.0,0.0
1746046830,406217771,,0.0,0.0,2.5138206481933594,0.0,0.0
1746046830,416873333,,0.0,0.0,2.669187545776367,0.0,0.0
1746046830,480727214,,0.0,0.0,2.1511433124542236,0.0,0.0
1746046830,488982336,,0.0,0.0,1.8921984434127808,0.0,0.0
1746046830,499510953,,0.0,0.0,1.6330993175506592,0.0,0.0
1746046830,509995825,,0.0,0.0,1.425943374633789,0.0,0.0
1746046830,521238144,,0.0,0.0,1.3741543292999268,0.0,0.0
1746046830,571517587,,0.0,0.0,1.3741543292999268,0.0,0.0
1746046830,622281739,,0.0,0.0,1.3741543292999268,0.0,0.0
1746046830,643412252,,0.0,0.0,1.6330993175506592,0.0,0.0
1746046830,653471296,,0.0,0.0,1.788466215133667,0.0,0.0
1746046830,664173034,,0.0,0.0,1.9957764148712158,0.0,0.0
1746046830,674492529,,0.0,0.0,2.0993545055389404,0.0,0.0
1746046830,719314797,,0.0,0.0,2.1511433124542236,0.0,0.0
1746046830,739617623,,0.0,0.0,2.3582992553710938,0.0,0.0
1746046830,790881139,,0.0,0.0,2.3582992553710938,0.0,0.0
1746046830,841811405,,0.0,0.0,2.3582992553710938,0.0,0.0
1746046830,935112650,,0.00890191551297903,0.0,2.3582992553710938,0.0,0.0
1746046830,976114497,,0.040607254952192307,0.0,2.4618773460388184,0.0,0.0
1746046830,986276934,,0.0,0.0,2.4618773460388184,0.0,0.0
1746046831,49195734,,0.0,0.0,2.1511433124542236,0.0,0.0
1746046831,88561021,,0.0,0.0,2.0993545055389404,0.0,0.0
1746046831,109167465,,0.0,0.0,1.9957764148712158,0.0,0.0
1746046831,130014744,,0.040607254952192307,0.0,1.943987488746643,0.0,0.0
1746046831,140283870,,0.09696415066719055,0.0,1.943987488746643,0.0,0.0
1746046831,152090835,,0.1744614541530609,0.0,1.8921984434127808,0.0,0.0
1746046831,161667890,,0.19559136033058167,0.0,1.8921984434127808,0.0,0.0
1746046831,171488691,,0.2132100909948349,0.0,1.8921984434127808,0.0,0.0
1746046831,222441805,,0.1850264072418213,0.0,1.8921984434127808,0.0,0.0
1746046831,235542479,,0.1533210575580597,0.0,1.8921984434127808,0.0,0.0
1746046831,246905535,,0.07934542000293732,0.0,1.8921984434127808,0.0,0.0
1746046831,256231996,,0.0,0.0,1.8921984434127808,0.0,0.0
1746046831,308369217,,0.0,0.0,1.8921984434127808,0.0,0.0
1746046831,360420357,,0.0,0.0,1.788466215133667,0.0,0.0
1746046831,388950624,,0.0,0.0,1.7366772890090942,0.0,0.0
1746046831,430247482,,0.0,0.0,2.0993545055389404,0.0,0.0
1746046831,482310239,,0.0,0.0,2.0993545055389404,0.0,0.0
1746046831,534176609,,0.0,0.0,2.0993545055389404,0.0,0.0
1746046831,574430896,,0.0,0.0,1.8921984434127808,0.0,0.0
1746046831,625394314,,0.0,0.0,1.788466215133667,0.0,0.0
1746046831,645928246,,0.0,0.0,1.7366772890090942,0.0,0.0
1746046831,696734446,,0.0,0.0,1.7366772890090942,0.0,0.0
1746046831,738743406,,0.0,0.0,1.9957764148712158,0.0,0.0
1746046831,758261616,,-0.04764007404446602,0.0,2.0993545055389404,0.0,0.0
1746046831,779037406,,-0.13570231199264526,0.0,2.2547214031219482,0.0,0.0
1746046831,790575089,,-0.18149425089359283,0.0,2.2547214031219482,0.0,0.0
1746046831,800560276,,-0.2026241570711136,0.0,2.2547214031219482,0.0,0.0
1746046831,811078620,,-0.20614580810070038,0.0,2.3065104484558105,0.0,0.0
1746046831,861819027,,-0.20614580810070038,0.0,2.3065104484558105,0.0,0.0
1746046831,882225534,,0.0,0.0,2.3065104484558105,0.0,0.0
1746046831,902533831,,0.0,0.0,2.0993545055389404,0.0,0.0
1746046831,953950725,,0.0,0.0,2.0993545055389404,0.0,0.0
1746046832,15251877,,-0.026499688625335693,0.0,2.0993545055389404,0.0,0.0
1746046832,26208050,,-0.08286707103252411,0.0,2.0993545055389404,0.0,0.0
1746046832,36249142,,-0.14626726508140564,0.0,2.0993545055389404,0.0,0.0
1746046832,46375418,,-0.20966745913028717,0.0,2.0993545055389404,0.0,0.0
1746046832,57184197,,-0.25193777680397034,0.0,2.0993545055389404,0.0,0.0
1746046832,67402443,,-0.27659979462623596,0.0,2.0993545055389404,0.0,0.0
1746046832,87995415,,0.0,0.0,2.0993545055389404,0.0,0.0
1746046832,100431986,,0.0,0.0,2.0993545055389404,0.0,0.0
1746046832,151438924,,0.0,0.0,2.0993545055389404,0.0,0.0
1746046832,215310182,,0.0,0.0,1.943987488746643,0.0,0.0
1746046832,233503578,,0.0,0.0,1.6330993175506592,0.0,0.0
1746046832,243110137,,0.0,0.0,1.5813102722167969,0.0,0.0
1746046832,294071411,,0.0,0.0,1.5813102722167969,0.0,0.0
1746046832,344837226,,0.0,0.0,1.5813102722167969,0.0,0.0
1746046832,396601356,,0.0,0.0,1.788466215133667,0.0,0.0
1746046832,427495262,,0.0,0.0,1.8921984434127808,0.0,0.0
1746046832,447967625,,0.0,0.0,1.9957764148712158,0.0,0.0
1746046832,498901859,,0.0,0.0,1.9957764148712158,0.0,0.0
1746046832,549972509,,0.0,0.0,1.9957764148712158,0.0,0.0
1746046832,590990388,,-0.05116172507405281,0.0,1.9957764148712158,0.0,0.0
1746046832,601763583,,-0.09695367515087128,0.0,1.9957764148712158,0.0,0.0
1746046832,617403226,,-0.20966745913028717,0.0,1.9957764148712158,0.0,0.0
1746046832,637208095,,-0.2625131905078888,0.0,1.9957764148712158,0.0,0.0
1746046832,647723111,,-0.28716474771499634,0.0,1.9957764148712158,0.0,0.0
1746046832,680642957,,-0.1603538691997528,0.0,1.9957764148712158,0.0,0.0
1746046832,689733607,,-0.04764007404446602,0.0,1.9957764148712158,0.0,0.0
1746046832,699668330,,0.0,0.0,1.9957764148712158,0.0,0.0
1746046832,740639488,,0.0,0.0,1.788466215133667,0.0,0.0
1746046832,791603514,,0.0,0.0,1.6330993175506592,0.0,0.0
1746046832,801979393,,0.0,0.0,1.5295213460922241,0.0,0.0
1746046832,812324999,,0.0,0.0,1.3741543292999268,0.0,0.0
1746046832,863422466,,0.0,0.0,1.3741543292999268,0.0,0.0
1746046832,917478042,,0.0,0.0,1.3741543292999268,0.0,0.0
1746046832,976413059,,0.0,0.0,1.2705764770507812,0.0,0.0
1746046833,6730256,,0.0,0.0,1.1150553226470947,0.0,0.0
1746046833,58952150,,0.0,0.0,0.6489545106887817,0.0,0.0
1746046833,110208146,,0.0,0.0,0.6489545106887817,0.0,0.0
1746046833,151255465,,-0.0018481331644579768,0.0,0.8561104536056519,0.0,0.0
1746046833,161700753,,-0.03354299068450928,0.0,0.9078994393348694,0.0,0.0
1746046833,173538726,,-0.05116172507405281,0.0,1.0114774703979492,0.0,0.0
1746046833,182502271,,-0.07581328600645065,0.0,1.0114774703979492,0.0,0.0
1746046833,193217705,,-0.08286707103252411,0.0,1.063266396522522,0.0,0.0
1746046833,203989908,,-0.09695367515087128,0.0,1.063266396522522,0.0,0.0
1746046833,214478012,,-0.10399697721004486,0.0,1.063266396522522,0.0,0.0
1746046833,268022639,,-0.10399697721004486,0.0,1.063266396522522,0.0,0.0
1746046833,327667839,,-0.07581328600645065,0.0,1.3741543292999268,0.0,0.0
1746046833,338165063,,-0.06876998394727707,0.0,1.5295213460922241,0.0,0.0
1746046833,348093833,,-0.06876998394727707,0.0,1.788466215133667,0.0,0.0
1746046833,358758643,,-0.06876998394727707,0.0,2.0993545055389404,0.0,0.0
1746046833,379584706,,-0.10399697721004486,0.0,2.2547214031219482,0.0,0.0
1746046833,389711078,,-0.10751862823963165,0.0,2.3065104484558105,0.0,0.0
1746046833,440612479,,-0.10751862823963165,0.0,1.9957764148712158,0.0,0.0
1746046833,460922024,,-0.11808358132839203,0.0,1.9957764148712158,0.0,0.0
1746046833,481499060,,-0.12865900993347168,0.0,1.9957764148712158,0.0,0.0
1746046833,492156638,,-0.13570231199264526,0.0,2.3065104484558105,0.0,0.0
1746046833,502738887,,-0.15331056714057922,0.0,2.4618773460388184,0.0,0.0
1746046833,514042487,,-0.1603538691997528,0.0,2.5138206481933594,0.0,0.0
1746046833,526079439,,-0.17092929780483246,0.0,2.5138206481933594,0.0,0.0
1746046833,574676305,,-0.17092929780483246,0.0,2.5138206481933594,0.0,0.0
1746046833,595300605,,-0.15683221817016602,0.0,2.5138206481933594,0.0,0.0
1746046833,616888051,,-0.21672126650810242,0.0,2.5138206481933594,0.0,0.0
1746046833,626006926,,-0.24137282371520996,0.0,2.5138206481933594,0.0,0.0
1746046833,636492598,,-0.28716474771499634,0.0,2.5138206481933594,0.0,0.0
1746046833,647263808,,-0.31887009739875793,0.0,2.5138206481933594,0.0,0.0
1746046833,657666216,,-0.3400000035762787,0.0,2.5138206481933594,0.0,0.0
1746046833,668329617,,-0.3400000035762787,0.0,2.5138206481933594,0.0,0.0
1746046833,679055452,,-0.3400000035762787,0.0,2.5138206481933594,0.0,0.0
1746046833,689383362,,-0.3400000035762787,0.0,2.5138206481933594,0.0,0.0
1746046833,701663196,,-0.3400000035762787,0.0,2.3065104484558105,0.0,0.0
1746046833,709966478,,-0.3400000035762787,0.0,2.3065104484558105,0.0,0.0
1746046833,721453280,,-0.3400000035762787,0.0,2.3065104484558105,0.0,0.0
1746046833,741851979,,-0.3400000035762787,0.0,2.2547214031219482,0.0,0.0
1746046833,752873336,,-0.3400000035762787,0.0,2.0993545055389404,0.0,0.0
1746046833,755009645,,-0.3400000035762787,0.0,1.8921984434127808,0.0,0.0
1746046833,775577305,,-0.3400000035762787,0.0,1.425943374633789,0.0,0.0
1746046833,786150466,,-0.3400000035762787,0.0,1.2705764770507812,0.0,0.0
1746046833,796530825,,-0.3400000035762787,0.0,1.0114774703979492,0.0,0.0
1746046833,837319965,,-0.3400000035762787,0.0,0.9078994393348694,0.0,0.0
1746046833,868030574,,-0.3400000035762787,0.0,0.7525324821472168,0.0,0.0
1746046833,880019397,,-0.3259133994579315,0.0,1.063266396522522,0.0,0.0
1746046833,892902917,,-0.29068639874458313,0.0,1.3741543292999268,0.0,0.0
1746046833,903159658,,-0.2272862195968628,0.0,1.5813102722167969,0.0,0.0
1746046833,914031350,,-0.18501590192317963,0.0,1.6330993175506592,0.0,0.0
1746046833,926230479,,-0.15331056714057922,0.0,1.7366772890090942,0.0,0.0
1746046833,937629120,,-0.13570231199264526,0.0,1.7366772890090942,0.0,0.0
1746046833,946736923,,-0.12160523235797882,0.0,1.7366772890090942,0.0,0.0
1746046833,956370842,,-0.10751862823963165,0.0,1.7366772890090942,0.0,0.0
1746046833,967695818,,-0.0863887220621109,0.0,1.7366772890090942,0.0,0.0
1746046833,977991057,,-0.08286707103252411,0.0,1.788466215133667,0.0,0.0
1746046833,988841340,,-0.07229163497686386,0.0,1.943987488746643,0.0,0.0
1746046833,999217443,,-0.07229163497686386,0.0,2.0993545055389404,0.0,0.0
1746046834,19539213,,-0.07229163497686386,0.0,2.2547214031219482,0.0,0.0
1746046834,29823123,,-0.06876998394727707,0.0,2.3065104484558105,0.0,0.0
1746046834,91110098,,-0.05116172507405281,0.0,2.3065104484558105,0.0,0.0
1746046834,111518237,,-0.0018481331644579768,0.0,2.3065104484558105,0.0,0.0
1746046834,122143398,,0.0,0.0,2.3065104484558105,0.0,0.0
1746046834,142770451,,0.01594521850347519,0.0,1.9957764148712158,0.0,0.0
1746046834,153433052,,0.06878046691417694,0.0,1.8921984434127808,0.0,0.0
1746046834,163962565,,0.3400000035762787,0.0,1.7366772890090942,0.0,0.0
1746046834,184199182,,0.3400000035762787,0.0,1.6330993175506592,0.0,0.0
1746046834,215068192,,0.3400000035762787,0.0,2.1511433124542236,0.0,0.0
1746046834,225400806,,0.3400000035762787,0.0,2.4618773460388184,0.0,0.0
1746046834,236146609,,0.3400000035762787,0.0,2.824554443359375,0.0,0.0
1746046834,246609496,,0.3400000035762787,0.0,3.031710386276245,0.0,0.0
1746046834,257709382,,0.3400000035762787,0.0,3.1872315406799316,0.0,0.0
1746046834,268883445,,0.3400000035762787,0.0,3.601543426513672,0.0,0.0
1746046834,279867522,,0.3400000035762787,0.0,3.912431240081787,0.0,0.0
1746046834,289907718,,0.3400000035762787,0.0,4.585842132568359,0.0,0.0
1746046834,310183023,,0.3400000035762787,0.0,5.0,0.0,0.0
1746046834,363586144,,0.3400000035762787,0.0,5.0,0.0,0.0
1746046834,415489443,,0.3400000035762787,0.0,5.0,0.0,0.0
1746046834,468224462,,0.3400000035762787,0.0,5.0,0.0,0.0
1746046834,517437494,,0.3400000035762787,0.0,5.0,0.0,0.0
1746046834,569888414,,0.3400000035762787,0.0,5.0,0.0,0.0
1746046834,621267260,,0.3400000035762787,0.0,5.0,0.0,0.0
1746046834,678058223,,0.3400000035762787,0.0,5.0,0.0,0.0
1746046834,735322759,,0.3400000035762787,0.0,3.912431240081787,0.0,0.0
1746046834,745636045,,0.3400000035762787,0.0,3.239020347595215,0.0,0.0
1746046834,755963764,,0.3400000035762787,0.0,2.1511433124542236,0.0,0.0
1746046834,766754111,,0.3400000035762787,0.0,1.0114774703979492,0.0,0.0
1746046834,784192716,,0.3400000035762787,0.0,0.28627750277519226,0.0,0.0
1746046834,788253652,,0.3400000035762787,0.0,0.0,0.0,0.0
1746046834,839993877,,0.3400000035762787,0.0,0.0,0.0,0.0
1746046834,899747749,,0.3400000035762787,0.0,0.0,0.0,0.0
1746046834,910300878,,0.3400000035762787,0.0,0.0,0.0,0.0
1746046834,931445408,,0.3400000035762787,0.0,0.0,0.0,0.0
1746046834,952264814,,0.3400000035762787,0.0,0.0,0.0,0.0
1746046834,962495508,,0.3400000035762787,0.0,0.0,0.0,0.0
1746046834,983540612,,0.23081834614276886,0.0,0.0,0.0,0.0
1746046834,993812714,,0.14275610446929932,0.0,0.0,0.0,0.0
1746046835,4174097,,-0.0018481331644579768,0.0,0.0,0.0,0.0
1746046835,14753178,,0.0,0.0,0.0,0.0,0.0
1746046835,65704403,,0.0,0.0,0.0,0.0,0.0
1746046835,106373574,,-0.14626726508140564,0.0,0.0,0.0,0.0
1746046835,117824760,,-0.23432952165603638,0.0,0.0,0.0,0.0
1746046835,127610457,,-0.3400000035762787,0.0,0.0,0.0,0.0
1746046835,148984909,,-0.3400000035762787,0.0,0.0,0.0,0.0
1746046835,159197618,,-0.3400000035762787,0.0,0.0,0.0,0.0
1746046835,210221388,,-0.3400000035762787,0.0,0.0,0.0,0.0
1746046835,261476424,,-0.3400000035762787,0.0,1.6330993175506592,0.0,0.0
1746046835,271843855,,-0.3400000035762787,0.0,1.943987488746643,0.0,0.0
1746046835,282699387,,-0.3400000035762787,0.0,2.1511433124542236,0.0,0.0
1746046835,284312427,,-0.2554698884487152,0.0,2.3065104484558105,0.0,0.0
1746046835,303941677,,0.0,0.0,2.4618773460388184,0.0,0.0
1746046835,355113417,,0.0,0.0,1.943987488746643,0.0,0.0
1746046835,405922209,,0.0,0.0,1.943987488746643,0.0,0.0
1746046835,437930590,,0.0,0.0,1.7366772890090942,0.0,0.0
1746046835,497670158,,0.0,0.0,0.4934334456920624,0.0,0.0
1746046835,538402850,,-0.3400000035762787,0.0,2.4618773460388184,0.0,0.0
1746046835,539944466,,-0.3400000035762787,0.0,2.4618773460388184,0.0,0.0
1746046835,559802422,,-0.3400000035762787,0.0,2.7209763526916504,0.0,0.0
1746046835,571141415,,-0.3400000035762787,0.0,2.824554443359375,0.0,0.0
1746046835,576855840,,-0.3400000035762787,0.0,2.8763434886932373,0.0,0.0
1746046835,584864879,,-0.3400000035762787,0.0,3.0834994316101074,0.0,0.0
1746046835,595526329,,-0.3400000035762787,0.0,3.3425984382629395,0.0,0.0
1746046835,638249824,,-0.3400000035762787,0.0,3.446176290512085,0.0,0.0
1746046835,648459686,,-0.3400000035762787,0.0,3.1872315406799316,0.0,0.0
1746046835,659070383,,-0.3400000035762787,0.0,2.824554443359375,0.0,0.0
1746046835,669684152,,-0.3400000035762787,0.0,2.5138206481933594,0.0,0.0
1746046835,679845117,,-0.3400000035762787,0.0,2.1511433124542236,0.0,0.0
1746046835,690890314,,-0.29068639874458313,0.0,1.3741543292999268,0.0,0.0
1746046835,701545108,,0.0,0.0,0.4934334456920624,0.0,0.0
1746046835,724532152,,0.0,0.0,0.28627750277519226,0.0,0.0
1746046835,734793790,,0.0,0.0,0.13091053068637848,0.0,0.0
1746046835,744840353,,0.0,0.0,0.02733256295323372,0.0,0.0
1746046835,812211773,,0.0,0.0,0.28627750277519226,0.0,0.0
1746046835,854162269,,0.0,0.0,0.0,0.0,0.0
1746046835,917575474,,0.0,0.0,0.0,0.0,0.0
1746046835,975587121,,0.0,0.0,0.0,0.0,0.0
1746046835,995404438,,0.0,0.0,0.3380664885044098,0.0,0.0
1746046835,999757505,,0.0,0.0,0.7007434964179993,0.0,0.0
1746046836,41335325,,-0.012413086369633675,0.0,1.9957764148712158,0.0,0.0
1746046836,63421304,,-0.3400000035762787,0.0,2.0993545055389404,0.0,0.0
1746046836,82095889,,-0.3400000035762787,0.0,2.3582992553710938,0.0,0.0
1746046836,86718463,,-0.3400000035762787,0.0,2.4618773460388184,0.0,0.0
1746046836,102300762,,-0.3400000035762787,0.0,2.4618773460388184,0.0,0.0
1746046836,112834946,,-0.3400000035762787,0.0,2.4618773460388184,0.0,0.0
1746046836,125944612,,-0.3400000035762787,0.0,2.4618773460388184,0.0,0.0
1746046836,169056079,,-0.30478349328041077,0.0,2.4618773460388184,0.0,0.0
1746046836,181542123,,-0.17797259986400604,0.0,2.4618773460388184,0.0,0.0
1746046836,189630523,,-0.04764007404446602,0.0,2.4618773460388184,0.0,0.0
1746046836,200734218,,0.0,0.0,2.4618773460388184,0.0,0.0
1746046836,251013372,,0.0,0.0,2.669187545776367,0.0,0.0
1746046836,261072160,,0.0,0.0,2.824554443359375,0.0,0.0
1746046836,293167902,,0.0,0.0,3.031710386276245,0.0,0.0
1746046836,333763088,,0.0,0.0,3.1872315406799316,0.0,0.0
1746046836,383981346,,0.0,0.0,3.1872315406799316,0.0,0.0
1746046836,425154555,,0.0,0.0,2.824554443359375,0.0,0.0
1746046836,435355776,,0.0,0.0,2.5138206481933594,0.0,0.0
1746046836,448662916,,0.0,0.0,2.0993545055389404,0.0,0.0
1746046836,461728197,,0.0,0.0,1.788466215133667,0.0,0.0
1746046836,481813772,,0.06525881588459015,0.0,1.788466215133667,0.0,0.0
1746046836,493322302,,0.17093980312347412,0.0,1.788466215133667,0.0,0.0
1746046836,502448505,,0.20615631341934204,0.0,1.9957764148712158,0.0,0.0
1746046836,513920907,,0.3259238600730896,0.0,2.0993545055389404,0.0,0.0
1746046836,524321522,,0.3400000035762787,0.0,2.1511433124542236,0.0,0.0
1746046836,575262731,,0.3400000035762787,0.0,2.1511433124542236,0.0,0.0
1746046836,628376537,,0.3294455111026764,0.0,2.7209763526916504,0.0,0.0
1746046836,639774890,,0.29775065183639526,0.0,3.031710386276245,0.0,0.0
1746046836,642697927,,0.26604533195495605,0.0,3.239020347595215,0.0,0.0
1746046836,663081106,,0.26604533195495605,0.0,3.7051212787628174,0.0,0.0
1746046836,675337195,,0.26604533195495605,0.0,3.912431240081787,0.0,0.0
1746046836,685413519,,0.26604533195495605,0.0,4.223165035247803,0.0,0.0
1746046836,695018062,,0.26604533195495605,0.0,4.585842132568359,0.0,0.0
1746046836,705850138,,0.2871752381324768,0.0,4.689420223236084,0.0,0.0
1746046836,715924381,,0.2942185401916504,0.0,4.792998313903809,0.0,0.0
1746046836,747342709,,0.26604533195495605,0.0,4.792998313903809,0.0,0.0
1746046836,758599205,,0.1815047562122345,0.0,4.792998313903809,0.0,0.0
1746046836,769526033,,-0.04411842301487923,0.0,4.792998313903809,0.0,0.0
1746046836,813482757,,0.0,0.0,3.860642433166504,0.0,0.0
1746046836,833667373,,0.0,0.0,3.239020347595215,0.0,0.0
1746046836,843666736,,0.0,0.0,3.031710386276245,0.0,0.0
1746046836,854178488,,0.0,0.0,2.8763434886932373,0.0,0.0
1746046836,865187397,,0.0,0.0,2.669187545776367,0.0,0.0
1746046836,906097467,,0.0,0.0,2.617398500442505,0.0,0.0
1746046836,969693138,,0.0,0.0,2.3582992553710938,0.0,0.0
1746046837,699397,,0.0,0.0,2.3065104484558105,0.0,0.0
1746046837,20829452,,0.0,0.0,2.2547214031219482,0.0,0.0
1746046837,74785539,,0.0,0.0,2.2547214031219482,0.0,0.0
1746046837,126043008,,0.07582376897335052,0.0,2.4618773460388184,0.0,0.0
1746046837,136563720,,0.26604533195495605,0.0,2.5138206481933594,0.0,0.0
1746046837,147462420,,0.3400000035762787,0.0,2.617398500442505,0.0,0.0
1746046837,158682499,,0.3400000035762787,0.0,2.7209763526916504,0.0,0.0
1746046837,169636848,,0.3400000035762787,0.0,2.8763434886932373,0.0,0.0
1746046837,181148098,,0.3400000035762787,0.0,3.1872315406799316,0.0,0.0
1746046837,191110405,,0.3400000035762787,0.0,3.5497543811798096,0.0,0.0
1746046837,203262365,,0.3400000035762787,0.0,3.7570643424987793,0.0,0.0
1746046837,214297546,,0.3400000035762787,0.0,3.912431240081787,0.0,0.0
1746046837,235723103,,0.3400000035762787,0.0,3.9642202854156494,0.0,0.0
1746046837,279388272,,0.3400000035762787,0.0,3.601543426513672,0.0,0.0
1746046837,286121074,,0.3400000035762787,0.0,3.3425984382629395,0.0,0.0
1746046837,296929438,,0.3400000035762787,0.0,3.031710386276245,0.0,0.0
1746046837,308014412,,0.3400000035762787,0.0,2.824554443359375,0.0,0.0
1746046837,312213557,,0.3400000035762787,0.0,2.669187545776367,0.0,0.0
1746046837,332397629,,0.3400000035762787,0.0,2.3582992553710938,0.0,0.0
1746046837,342708675,,0.3400000035762787,0.0,2.2547214031219482,0.0,0.0
1746046837,354081876,,-0.1920592039823532,0.0,2.2547214031219482,0.0,0.0
1746046837,363170830,,0.0,0.0,2.1511433124542236,0.0,0.0
1746046837,374026842,,-0.0018481331644579768,0.0,2.1511433124542236,0.0,0.0
1746046837,384180127,,0.0,0.0,2.1511433124542236,0.0,0.0
1746046837,405258448,,0.0,0.0,1.8921984434127808,0.0,0.0
1746046837,415294579,,0.0,0.0,1.5295213460922241,0.0,0.0
1746046837,425622361,,0.0,0.0,1.1150553226470947,0.0,0.0
1746046837,437482991,,0.0,0.0,0.4934334456920624,0.0,0.0
1746046837,447885558,,0.0,0.0,0.02733256295323372,0.0,0.0
1746046837,460141968,,0.0,0.0,0.0,0.0,0.0
1746046837,510153375,,0.0,0.0,0.0,0.0,0.0
1746046837,560837014,,0.0,0.0,0.0,0.0,0.0
1746046837,611586285,,0.0,0.0,0.0,0.0,0.0
1746046837,662714600,,0.0,0.0,0.0,0.0,0.0
1746046837,713562176,,0.0,0.0,0.0,0.0,0.0
1746046837,771813121,,0.0,0.0,0.0,0.0,0.0
1746046837,817160451,,0.0,0.0,0.0,0.0,0.0
1746046837,870701494,,0.0,0.0,0.0,0.0,0.0
1746046837,922773530,,0.0,0.0,0.0,0.0,0.0
1746046837,972502823,,0.0,0.0,0.0,0.0,0.0
1746046838,23317663,,0.0,0.0,0.0,0.0,0.0
1746046838,53866446,,0.0,0.0,0.0,0.0,0.0
1746046838,105731440,,0.0,0.0,0.0,0.0,0.0
1746046838,156300869,,0.0,0.0,0.0,0.0,0.0
1746046838,206949787,,0.0,0.0,0.0,0.0,0.0
1746046838,259173985,,0.0,0.0,0.0,0.0,0.0
1746046838,311174340,,0.0,0.0,0.0,0.0,0.0
1746046838,361387350,,0.0,0.0,0.0,0.0,0.0
1746046838,411931179,,0.0,0.0,0.0,0.0,0.0
1746046838,462765891,,0.0,0.0,0.0,0.0,0.0
1746046838,514221409,,0.0,0.0,0.0,0.0,0.0
1746046838,565820224,,0.0,0.0,0.0,0.0,0.0
1746046838,616504151,,0.0,0.0,0.0,0.0,0.0
1746046838,669299970,,0.0,0.0,0.0,0.0,0.0
1746046838,718630347,,0.0,0.0,0.0,0.0,0.0
1746046838,769539076,,0.0,0.0,0.0,0.0,0.0
1746046838,820967745,,0.0,0.0,0.0,0.0,0.0
1746046838,871844538,,0.0,0.0,0.0,0.0,0.0
1746046838,922249517,,0.0,0.0,0.0,0.0,0.0
1746046838,973373224,,0.0,0.0,0.0,0.0,0.0
1746046839,23951742,,0.0,0.0,0.0,0.0,0.0
1746046839,75462012,,0.0,0.0,0.0,0.0,0.0
1746046839,126360373,,0.0,0.0,0.0,0.0,0.0
1746046839,177357710,,0.0,0.0,0.0,0.0,0.0
1746046839,228254311,,0.0,0.0,0.0,0.0,0.0
1746046839,279983207,,0.0,0.0,0.0,0.0,0.0
1746046839,330741086,,0.0,0.0,0.0,0.0,0.0
1746046839,382095163,,0.0,0.0,0.0,0.0,0.0
1746046839,433407192,,0.0,0.0,0.0,0.0,0.0
1746046839,483825356,,0.0,0.0,0.0,0.0,0.0
1746046839,534933638,,0.0,0.0,0.0,0.0,0.0
1746046839,585866399,,0.0,0.0,0.0,0.0,0.0
1746046839,639582547,,0.0,0.0,0.0,0.0,0.0
1746046839,689413153,,0.0,0.0,0.0,0.0,0.0
1746046839,740891584,,0.0,0.0,0.0,0.0,0.0
1746046839,791582678,,0.0,0.0,0.0,0.0,0.0
1746046839,845545997,,0.0,0.0,0.0,0.0,0.0
1746046839,897107276,,0.0,0.0,0.0,0.0,0.0
1746046839,949877559,,0.0,0.0,0.0,0.0,0.0
1746046839,999346433,,0.0,0.0,0.0,0.0,0.0
1746046840,52068652,,0.0,0.0,0.0,0.0,0.0
1746046840,100978064,,0.0,0.0,0.0,0.0,0.0
