1740518055,298438405,,0.0,0.0,1.1150553226470947,0.0,0.0
1740518055,329952091,,-0.04059677571058273,0.0,1.1150553226470947,0.0,0.0
1740518055,397410816,,-0.21672126650810242,0.0,1.063266396522522,0.0,0.0
1740518055,406711510,,-0.258991539478302,0.0,1.063266396522522,0.0,0.0
1740518055,430529311,,-0.2625131905078888,0.0,1.063266396522522,0.0,0.0
1740518055,464968869,,-0.1673971712589264,0.0,1.063266396522522,0.0,0.0
1740518055,479615802,,-0.07581328600645065,0.0,1.063266396522522,0.0,0.0
1740518055,486481313,,0.0,0.0,1.063266396522522,0.0,0.0
1740518055,539786613,,0.0,0.0,1.063266396522522,0.0,0.0
1740518055,592382884,,0.0,0.0,1.063266396522522,0.0,0.0
1740518055,654353545,,-0.04059677571058273,0.0,1.063266396522522,0.0,0.0
1740518055,664269891,,-0.08991037309169769,0.0,1.063266396522522,0.0,0.0
1740518055,674220444,,-0.14626726508140564,0.0,1.063266396522522,0.0,0.0
1740518055,684724921,,-0.17092929780483246,0.0,1.063266396522522,0.0,0.0
1740518055,696511036,,-0.2272862195968628,0.0,1.063266396522522,0.0,0.0
1740518055,712102742,,-0.2625131905078888,0.0,1.063266396522522,0.0,0.0
1740518055,735767359,,-0.28716474771499634,0.0,1.063266396522522,0.0,0.0
1740518055,744900275,,-0.31182679533958435,0.0,1.063266396522522,0.0,0.0
1740518055,756705112,,-0.3400000035762787,0.0,1.063266396522522,0.0,0.0
1740518055,812033015,,-0.3400000035762787,0.0,1.063266396522522,0.0,0.0
1740518055,852039389,,-0.3400000035762787,0.0,1.2705764770507812,0.0,0.0
1740518055,905472273,,-0.3400000035762787,0.0,1.2705764770507812,0.0,0.0
1740518055,957467293,,-0.3400000035762787,0.0,1.2705764770507812,0.0,0.0
1740518056,9613002,,-0.3400000035762787,0.0,1.2705764770507812,0.0,0.0
1740518056,60652720,,-0.3400000035762787,0.0,1.2705764770507812,0.0,0.0
1740518056,114541031,,-0.3400000035762787,0.0,1.2705764770507812,0.0,0.0
1740518056,163881379,,-0.3400000035762787,0.0,1.2705764770507812,0.0,0.0
1740518056,216380274,,-0.3400000035762787,0.0,1.2705764770507812,0.0,0.0
1740518056,273090809,,-0.3400000035762787,0.0,1.2705764770507812,0.0,0.0
1740518056,327405874,,-0.3400000035762787,0.0,1.2705764770507812,0.0,0.0
1740518056,378820026,,-0.3400000035762787,0.0,1.2705764770507812,0.0,0.0
1740518056,429949249,,-0.3400000035762787,0.0,1.2705764770507812,0.0,0.0
1740518056,450606488,,-0.3400000035762787,0.0,1.063266396522522,0.0,0.0
1740518056,500993178,,-0.3400000035762787,0.0,1.063266396522522,0.0,0.0
1740518056,563053824,,-0.3400000035762787,0.0,1.063266396522522,0.0,0.0
1740518056,609676269,,-0.3400000035762787,0.0,1.063266396522522,0.0,0.0
1740518056,660487442,,-0.3400000035762787,0.0,1.063266396522522,0.0,0.0
1740518056,702102561,,-0.3400000035762787,0.0,0.9596884250640869,0.0,0.0
1740518056,724776900,,-0.3400000035762787,0.0,0.9078994393348694,0.0,0.0
1740518056,776441806,,-0.3400000035762787,0.0,0.9078994393348694,0.0,0.0
1740518056,798239372,,-0.3400000035762787,0.0,1.1150553226470947,0.0,0.0
1740518056,850965404,,-0.3400000035762787,0.0,1.1150553226470947,0.0,0.0
1740518056,891470565,,-0.3400000035762787,0.0,1.2187875509262085,0.0,0.0
1740518056,912183580,,-0.3400000035762787,0.0,1.3741543292999268,0.0,0.0
1740518056,924029409,,-0.3400000035762787,0.0,1.425943374633789,0.0,0.0
1740518056,965029965,,-0.3400000035762787,0.0,1.1150553226470947,0.0,0.0
1740518057,20178923,,-0.3400000035762787,0.0,1.1150553226470947,0.0,0.0
1740518057,70275340,,-0.3400000035762787,0.0,1.063266396522522,0.0,0.0
1740518057,125455338,,-0.3400000035762787,0.0,1.063266396522522,0.0,0.0
1740518057,182011215,,-0.3400000035762787,0.0,1.063266396522522,0.0,0.0
1740518057,206993151,,-0.3400000035762787,0.0,0.9078994393348694,0.0,0.0
1740518057,256860255,,-0.3400000035762787,0.0,0.9078994393348694,0.0,0.0
1740518057,308231111,,-0.3400000035762787,0.0,0.9078994393348694,0.0,0.0
1740518057,363155779,,-0.3400000035762787,0.0,0.9078994393348694,0.0,0.0
1740518057,417473820,,-0.3400000035762787,0.0,0.9078994393348694,0.0,0.0
1740518057,479559106,,-0.3400000035762787,0.0,0.9078994393348694,0.0,0.0
1740518057,529530850,,-0.3400000035762787,0.0,0.9078994393348694,0.0,0.0
1740518057,583082967,,-0.3400000035762787,0.0,0.9078994393348694,0.0,0.0
1740518057,638354005,,-0.3400000035762787,0.0,0.9078994393348694,0.0,0.0
1740518057,691385927,,-0.3400000035762787,0.0,0.9078994393348694,0.0,0.0
1740518057,743670676,,-0.3400000035762787,0.0,0.9078994393348694,0.0,0.0
1740518057,797269033,,-0.3400000035762787,0.0,0.9078994393348694,0.0,0.0
1740518057,848751922,,-0.3400000035762787,0.0,0.9078994393348694,0.0,0.0
1740518057,932128530,,-0.3400000035762787,0.0,1.063266396522522,0.0,0.0
1740518057,985393189,,-0.3400000035762787,0.0,1.063266396522522,0.0,0.0
1740518058,51637059,,-0.3400000035762787,0.0,1.063266396522522,0.0,0.0
1740518058,74540583,,-0.3400000035762787,0.0,1.1150553226470947,0.0,0.0
1740518058,125080010,,-0.3400000035762787,0.0,1.1150553226470947,0.0,0.0
1740518058,167901697,,-0.3400000035762787,0.0,1.1150553226470947,0.0,0.0
1740518058,196834759,,-0.01945638842880726,0.0,1.1150553226470947,0.0,0.0
1740518058,210686263,,0.0,0.0,0.9078994393348694,0.0,0.0
1740518058,261605533,,0.0,0.0,1.2187875509262085,0.0,0.0
1740518058,319075272,,0.0,0.0,1.2187875509262085,0.0,0.0
1740518058,360178996,,0.0,0.0,0.9078994393348694,0.0,0.0
1740518058,412798468,,0.0,0.0,1.2187875509262085,0.0,0.0
1740518058,440472067,,0.0,0.0,1.3741543292999268,0.0,0.0
1740518058,470530384,,-0.015934737399220467,0.0,0.9078994393348694,0.0,0.0
1740518058,481967986,,-0.01945638842880726,0.0,0.5452224016189575,0.0,0.0
1740518058,497217706,,-0.06172667816281319,0.0,0.28627750277519226,0.0,0.0
1740518058,503548942,,-0.07933493703603745,0.0,0.23448851704597473,0.0,0.0
1740518058,524870057,,-0.14274561405181885,0.0,0.23448851704597473,0.0,0.0
1740518058,539701151,,-0.1920592039823532,0.0,0.23448851704597473,0.0,0.0
1740518058,553564143,,-0.223764568567276,0.0,0.23448851704597473,0.0,0.0
1740518058,563322183,,-0.25193777680397034,0.0,0.44164445996284485,0.0,0.0
1740518058,582176115,,-0.27307814359664917,0.0,0.9078994393348694,0.0,0.0
1740518058,604132434,,-0.28716474771499634,0.0,0.9078994393348694,0.0,0.0
1740518058,616883451,,-0.2942080497741699,0.0,0.9078994393348694,0.0,0.0
1740518058,655869500,,-0.2942080497741699,0.0,1.063266396522522,0.0,0.0
1740518058,679658373,,-0.2625131905078888,0.0,1.063266396522522,0.0,0.0
1740518058,689945184,,-0.21672126650810242,0.0,1.063266396522522,0.0,0.0
1740518058,707382853,,-0.1673971712589264,0.0,1.1150553226470947,0.0,0.0
1740518058,716549594,,-0.10751862823963165,0.0,1.1150553226470947,0.0,0.0
1740518058,729686725,,0.0,0.0,1.1150553226470947,0.0,0.0
1740518058,782987352,,0.0,0.0,1.1150553226470947,0.0,0.0
1740518058,832779127,,0.0,0.0,1.1150553226470947,0.0,0.0
1740518058,852891979,,0.0,0.0,1.2187875509262085,0.0,0.0
1740518058,906002397,,0.0,0.0,1.3741543292999268,0.0,0.0
1740518058,919656524,,0.0,0.0,1.425943374633789,0.0,0.0
1740518058,946390150,,0.0,0.0,1.5295213460922241,0.0,0.0
1740518058,993076435,,0.0,0.0,1.5295213460922241,0.0,0.0
1740518059,19764396,,0.0,0.0,1.1150553226470947,0.0,0.0
1740518059,27606490,,0.0,0.0,1.063266396522522,0.0,0.0
1740518059,63542313,,0.0,0.0,0.9078994393348694,0.0,0.0
1740518059,107321381,,0.0,0.0,0.9078994393348694,0.0,0.0
1740518059,161539517,,0.0,0.0,0.7007434964179993,0.0,0.0
1740518059,205690331,,0.06173716112971306,0.0,0.5971655249595642,0.0,0.0
1740518059,215725365,,0.14275610446929932,0.0,0.5971655249595642,0.0,0.0
1740518059,226162449,,0.19206970930099487,0.0,0.5971655249595642,0.0,0.0
1740518059,260603896,,0.2942185401916504,0.0,0.5971655249595642,0.0,0.0
1740518059,271417846,,0.3259238600730896,0.0,0.5971655249595642,0.0,0.0
1740518059,282190804,,0.3400000035762787,0.0,0.5971655249595642,0.0,0.0
1740518059,304882231,,0.3400000035762787,0.0,0.3898554742336273,0.0,0.0
1740518059,367839905,,0.3400000035762787,0.0,0.9596884250640869,0.0,0.0
1740518059,388392760,,0.2942185401916504,0.0,0.9596884250640869,0.0,0.0
1740518059,400919008,,0.23786164820194244,0.0,1.063266396522522,0.0,0.0
1740518059,404686261,,0.10752910375595093,0.0,1.1150553226470947,0.0,0.0
1740518059,414950289,,0.0,0.0,1.2187875509262085,0.0,0.0
1740518059,470288975,,0.0,0.0,1.2187875509262085,0.0,0.0
1740518059,515965142,,0.0,0.0,0.9078994393348694,0.0,0.0
1740518059,558786925,,0.0,0.0,1.2187875509262085,0.0,0.0
1740518059,579606725,,-0.03354299068450928,0.0,1.2187875509262085,0.0,0.0
1740518059,589926400,,-0.14274561405181885,0.0,1.2187875509262085,0.0,0.0
1740518059,600344988,,-0.21672126650810242,0.0,1.2187875509262085,0.0,0.0
1740518059,606960995,,-0.2942080497741699,0.0,1.2187875509262085,0.0,0.0
1740518059,633924094,,-0.3400000035762787,0.0,1.425943374633789,0.0,0.0
1740518059,687046448,,-0.3400000035762787,0.0,1.5813102722167969,0.0,0.0
1740518059,709405809,,-0.3400000035762787,0.0,1.1150553226470947,0.0,0.0
1740518059,760503383,,-0.3400000035762787,0.0,1.1150553226470947,0.0,0.0
1740518059,783325370,,-0.3400000035762787,0.0,0.9078994393348694,0.0,0.0
1740518059,828691392,,-0.3400000035762787,0.0,0.8043214678764343,0.0,0.0
1740518059,856901186,,-0.3400000035762787,0.0,1.063266396522522,0.0,0.0
1740518059,873475586,,-0.3400000035762787,0.0,1.1150553226470947,0.0,0.0
1740518059,894109304,,-0.015934737399220467,0.0,1.1150553226470947,0.0,0.0
1740518059,904608789,,0.08639919757843018,0.0,1.1150553226470947,0.0,0.0
1740518059,910361494,,0.0,0.0,1.1150553226470947,0.0,0.0
1740518059,961961023,,0.0,0.0,1.5295213460922241,0.0,0.0
1740518059,978775328,,0.0,0.0,1.788466215133667,0.0,0.0
1740518059,988719545,,0.0,0.0,1.8921984434127808,0.0,0.0
1740518060,8487019,,0.0,0.0,2.047565460205078,0.0,0.0
1740518060,20549073,,0.0,0.0,2.0993545055389404,0.0,0.0
1740518060,38496344,,0.0,0.0,2.202932357788086,0.0,0.0
1740518060,58545867,,0.0,0.0,2.3582992553710938,0.0,0.0
1740518060,79126466,,0.0,0.0,2.4618773460388184,0.0,0.0
1740518060,109879091,,0.0,0.0,2.5656094551086426,0.0,0.0
1740518060,156128317,,0.0,0.0,2.7209763526916504,0.0,0.0
1740518060,172558044,,0.0,0.0,2.8763434886932373,0.0,0.0
1740518060,183264442,,0.0,0.0,3.1872315406799316,0.0,0.0
1740518060,193879543,,0.0,0.0,3.860642433166504,0.0,0.0
1740518060,204559316,,0.0,0.0,4.534053325653076,0.0,0.0
1740518060,214831759,,0.0,0.0,5.0,0.0,0.0
1740518060,265953430,,0.0,0.0,5.0,0.0,0.0
1740518060,317535839,,0.0,0.0,5.0,0.0,0.0
1740518060,383761884,,0.0,0.0,5.0,0.0,0.0
1740518060,431873713,,0.0,0.0,5.0,0.0,0.0
1740518060,485505478,,0.0,0.0,5.0,0.0,0.0
1740518060,546269860,,0.0,0.0,5.0,0.0,0.0
1740518060,596912295,,0.0,0.0,3.446176290512085,0.0,0.0
1740518060,627037333,,0.0,0.0,0.0,0.0,0.0
1740518060,678780511,,0.0,0.0,0.0,0.0,0.0
1740518060,731372718,,0.0,0.0,0.0,0.0,0.0
1740518060,784414111,,0.0,0.0,0.0,0.0,0.0
1740518060,839503548,,0.0,0.0,0.0,0.0,0.0
1740518060,892628174,,0.0,0.0,0.0,0.0,0.0
1740518060,949625654,,0.0,0.0,0.0,0.0,0.0
1740518061,8691654,,0.0,0.0,0.0,0.0,0.0
1740518061,56071846,,0.0,0.0,0.0,0.0,0.0
1740518061,108062904,,0.0,0.0,0.0,0.0,0.0
1740518061,158819837,,0.0,0.0,0.0,0.0,0.0
1740518061,215524321,,0.0,0.0,0.0,0.0,0.0
1740518061,237106571,,0.00890191551297903,0.0,0.0,0.0,0.0
1740518061,251676520,,0.03707512468099594,0.0,0.0,0.0,0.0
1740518061,261904151,,0.07230211794376373,0.0,0.0,0.0,0.0
1740518061,264611732,,0.10400745272636414,0.0,0.0,0.0,0.0
1740518061,288304980,,0.1216157078742981,0.0,0.0,0.0,0.0
1740518061,306786268,,0.15684270858764648,0.0,0.0,0.0,0.0
1740518061,317572688,,0.1744614541530609,0.0,0.0,0.0,0.0
1740518061,327852543,,0.20263466238975525,0.0,0.0,0.0,0.0
1740518061,342828193,,0.23786164820194244,0.0,0.0,0.0,0.0
1740518061,354913412,,0.2942185401916504,0.0,0.0,0.0,0.0
1740518061,361208392,,0.33648881316185,0.0,0.0,0.0,0.0
1740518061,375307328,,0.3400000035762787,0.0,0.0,0.0,0.0
1740518061,424307282,,0.3400000035762787,0.0,0.0,0.0,0.0
1740518061,476786793,,0.3400000035762787,0.0,0.0,0.0,0.0
1740518061,527600078,,0.3400000035762787,0.0,0.0,0.0,0.0
1740518061,580238343,,0.3400000035762787,0.0,0.0,0.0,0.0
1740518061,631306479,,0.3400000035762787,0.0,0.0,0.0,0.0
1740518061,683949543,,0.3400000035762787,0.0,0.0,0.0,0.0
1740518061,744969019,,0.3400000035762787,0.0,0.0,0.0,0.0
1740518061,793221188,,0.3400000035762787,0.0,0.0,0.0,0.0
1740518061,848750844,,0.3400000035762787,0.0,0.0,0.0,0.0
1740518061,899143133,,0.19206970930099487,0.0,0.0,0.0,0.0
1740518061,901334549,,0.0,0.0,0.0,0.0,0.0
1740518061,953670026,,0.0,0.0,0.0,0.0,0.0
1740518062,8133143,,0.0,0.0,0.0,0.0,0.0
1740518062,57789710,,0.0,0.0,0.0,0.0,0.0
1740518062,108097485,,0.0,0.0,0.0,0.0,0.0
1740518062,150821850,,0.01594521850347519,0.0,0.13091053068637848,0.0,0.0
1740518062,164420589,,0.05117220804095268,0.0,0.28627750277519226,0.0,0.0
1740518062,175432483,,0.07230211794376373,0.0,0.3898554742336273,0.0,0.0
1740518062,183719965,,0.08992084860801697,0.0,0.44164445996284485,0.0,0.0
1740518062,207059257,,0.1497994065284729,0.0,0.44164445996284485,0.0,0.0
1740518062,212704213,,0.1744614541530609,0.0,0.5452224016189575,0.0,0.0
1740518062,233260947,,0.1744614541530609,0.0,0.7525324821472168,0.0,0.0
1740518062,244690095,,0.1779831051826477,0.0,0.9078994393348694,0.0,0.0
1740518062,286675123,,0.1779831051826477,0.0,1.063266396522522,0.0,0.0
1740518062,314787427,,0.1779831051826477,0.0,0.8043214678764343,0.0,0.0
1740518062,327966545,,0.1779831051826477,0.0,0.5971655249595642,0.0,0.0
1740518062,339118665,,0.1779831051826477,0.0,0.44164445996284485,0.0,0.0
1740518062,372884533,,0.15684270858764648,0.0,0.44164445996284485,0.0,0.0
1740518062,383615241,,0.13923445343971252,0.0,0.44164445996284485,0.0,0.0
1740518062,394175867,,0.1216157078742981,0.0,0.3898554742336273,0.0,0.0
1740518062,418374528,,0.08992084860801697,0.0,0.3898554742336273,0.0,0.0
1740518062,438091829,,0.07934542000293732,0.0,0.3898554742336273,0.0,0.0
1740518062,455855605,,0.07230211794376373,0.0,0.3898554742336273,0.0,0.0
1740518062,493027398,,0.06173716112971306,0.0,0.3898554742336273,0.0,0.0
1740518062,499335722,,0.05117220804095268,0.0,0.3898554742336273,0.0,0.0
1740518062,514194122,,0.03355347365140915,0.0,0.28627750277519226,0.0,0.0
1740518062,524888157,,0.00890191551297903,0.0,0.28627750277519226,0.0,0.0
1740518062,545292697,,0.005380264949053526,0.0,0.28627750277519226,0.0,0.0
1740518062,596319040,,0.005380264949053526,0.0,0.28627750277519226,0.0,0.0
1740518062,653437416,,0.005380264949053526,0.0,0.28627750277519226,0.0,0.0
1740518062,676202270,,0.0,0.0,1.2705764770507812,0.0,0.0
1740518062,696600474,,0.0,0.0,1.425943374633789,0.0,0.0
1740518062,751891342,,0.01946686953306198,0.0,1.425943374633789,0.0,0.0
1740518062,774328672,,0.03707512468099594,0.0,1.425943374633789,0.0,0.0
1740518062,794103478,,0.054693859070539474,0.0,1.5295213460922241,0.0,0.0
1740518062,815265370,,0.07230211794376373,0.0,1.5295213460922241,0.0,0.0
1740518062,844830841,,0.08639919757843018,0.0,1.5295213460922241,0.0,0.0
1740518062,904360923,,0.08639919757843018,0.0,1.5295213460922241,0.0,0.0
1740518062,954050515,,0.08639919757843018,0.0,1.5295213460922241,0.0,0.0
1740518062,975675228,,0.06878046691417694,0.0,1.2705764770507812,0.0,0.0
1740518062,995519667,,0.06173716112971306,0.0,1.2705764770507812,0.0,0.0
1740518063,22071569,,0.03707512468099594,0.0,1.2705764770507812,0.0,0.0
1740518063,57501102,,0.03355347365140915,0.0,1.2187875509262085,0.0,0.0
1740518063,101260709,,0.026510171592235565,0.0,1.2187875509262085,0.0,0.0
1740518063,153384503,,0.054693859070539474,0.0,1.425943374633789,0.0,0.0
1740518063,175287299,,0.08992084860801697,0.0,1.425943374633789,0.0,0.0
1740518063,179588209,,0.11457240581512451,0.0,1.425943374633789,0.0,0.0
1740518063,200046605,,0.14275610446929932,0.0,1.5295213460922241,0.0,0.0
1740518063,211075396,,0.16036435961723328,0.0,1.5295213460922241,0.0,0.0
1740518063,246236031,,0.16740766167640686,0.0,1.5295213460922241,0.0,0.0
1740518063,262405453,,0.20615631341934204,0.0,1.5295213460922241,0.0,0.0
1740518063,276269922,,0.23081834614276886,0.0,1.5295213460922241,0.0,0.0
1740518063,284650525,,0.2554803788661957,0.0,1.5295213460922241,0.0,0.0
1740518063,298316720,,0.27308863401412964,0.0,1.5295213460922241,0.0,0.0
1740518063,306678602,,0.30127230286598206,0.0,1.5295213460922241,0.0,0.0
1740518063,344180862,,0.31183725595474243,0.0,1.2705764770507812,0.0,0.0
1740518063,359336097,,0.318880558013916,0.0,1.2187875509262085,0.0,0.0
1740518063,380660807,,0.3259238600730896,0.0,1.2187875509262085,0.0,0.0
1740518063,432358675,,0.3294455111026764,0.0,1.063266396522522,0.0,0.0
1740518063,442350559,,0.3294455111026764,0.0,0.9596884250640869,0.0,0.0
1740518063,464180618,,0.3294455111026764,0.0,0.9078994393348694,0.0,0.0
1740518063,516360092,,0.3294455111026764,0.0,0.9078994393348694,0.0,0.0
1740518063,547627757,,0.30831560492515564,0.0,0.9078994393348694,0.0,0.0
1740518063,568025609,,0.2942185401916504,0.0,0.9078994393348694,0.0,0.0
1740518063,580147051,,0.2906968891620636,0.0,0.9078994393348694,0.0,0.0
1740518063,618544617,,0.28365358710289,0.0,0.9078994393348694,0.0,0.0
1740518063,622044750,,0.28365358710289,0.0,1.1150553226470947,0.0,0.0
1740518063,674507107,,0.28365358710289,0.0,1.1150553226470947,0.0,0.0
1740518063,728493801,,0.27661028504371643,0.0,1.1150553226470947,0.0,0.0
1740518063,791932660,,0.27308863401412964,0.0,1.2187875509262085,0.0,0.0
1740518063,797792339,,0.25900202989578247,0.0,1.2187875509262085,0.0,0.0
1740518063,851443797,,0.25900202989578247,0.0,1.2187875509262085,0.0,0.0
1740518063,880476142,,0.24138329923152924,0.0,1.2187875509262085,0.0,0.0
1740518063,934812823,,0.24138329923152924,0.0,1.2187875509262085,0.0,0.0
1740518063,987530415,,0.24138329923152924,0.0,1.2187875509262085,0.0,0.0
1740518064,8621906,,0.24138329923152924,0.0,1.3741543292999268,0.0,0.0
1740518064,42843234,,0.23786164820194244,0.0,1.3741543292999268,0.0,0.0
1740518064,106421581,,0.23081834614276886,0.0,1.3741543292999268,0.0,0.0
1740518064,147445190,,0.2132100909948349,0.0,1.425943374633789,0.0,0.0
1740518064,178572501,,0.20615631341934204,0.0,1.425943374633789,0.0,0.0
1740518064,199050225,,0.19559136033058167,0.0,1.425943374633789,0.0,0.0
1740518064,222619055,,0.1779831051826477,0.0,1.425943374633789,0.0,0.0
1740518064,243423214,,0.16036435961723328,0.0,1.425943374633789,0.0,0.0
1740518064,263903434,,0.13923445343971252,0.0,1.425943374633789,0.0,0.0
1740518064,275403558,,0.1216157078742981,0.0,1.425943374633789,0.0,0.0
1740518064,297121072,,0.10752910375595093,0.0,1.425943374633789,0.0,0.0
1740518064,341888401,,0.08639919757843018,0.0,1.063266396522522,0.0,0.0
1740518064,352607908,,0.07230211794376373,0.0,1.063266396522522,0.0,0.0
1740518064,363326871,,0.0441289059817791,0.0,1.063266396522522,0.0,0.0
1740518064,373603110,,0.03355347365140915,0.0,1.063266396522522,0.0,0.0
1740518064,387761086,,0.005380264949053526,0.0,1.063266396522522,0.0,0.0
1740518064,415292902,,0.005380264949053526,0.0,1.2705764770507812,0.0,0.0
1740518064,459133725,,0.03355347365140915,0.0,1.2705764770507812,0.0,0.0
1740518064,477714853,,0.054693859070539474,0.0,1.2705764770507812,0.0,0.0
1740518064,488408760,,0.07934542000293732,0.0,1.3741543292999268,0.0,0.0
1740518064,498707271,,0.08639919757843018,0.0,1.425943374633789,0.0,0.0
1740518064,519958123,,0.10752910375595093,0.0,1.425943374633789,0.0,0.0
1740518064,559900281,,0.2132100909948349,0.0,1.425943374633789,0.0,0.0
1740518064,578524577,,0.23786164820194244,0.0,1.425943374633789,0.0,0.0
1740518064,602907975,,0.24842660129070282,0.0,1.425943374633789,0.0,0.0
1740518064,625845726,,0.27308863401412964,0.0,1.425943374633789,0.0,0.0
1740518064,678186833,,0.27661028504371643,0.0,1.425943374633789,0.0,0.0
1740518064,729052308,,0.27661028504371643,0.0,1.425943374633789,0.0,0.0
1740518064,777945313,,0.27661028504371643,0.0,1.425943374633789,0.0,0.0
1740518064,846359937,,0.24842660129070282,0.0,1.425943374633789,0.0,0.0
1740518064,856782097,,0.23786164820194244,0.0,1.425943374633789,0.0,0.0
1740518064,874011050,,0.20263466238975525,0.0,1.425943374633789,0.0,0.0
1740518064,881566523,,0.1216157078742981,0.0,1.425943374633789,0.0,0.0
1740518064,898924182,,0.01946686953306198,0.0,1.425943374633789,0.0,0.0
1740518064,909270149,,0.005380264949053526,0.0,1.425943374633789,0.0,0.0
1740518064,930885678,,0.0,0.0,1.425943374633789,0.0,0.0
1740518064,950427872,,0.0,0.0,1.5295213460922241,0.0,0.0
1740518065,8475760,,0.0,0.0,1.5295213460922241,0.0,0.0
1740518065,62126512,,0.0,0.0,1.7366772890090942,0.0,0.0
1740518065,81479295,,0.0,0.0,1.788466215133667,0.0,0.0
1740518065,114327808,,0.0,0.0,1.943987488746643,0.0,0.0
1740518065,132859751,,0.0,0.0,2.047565460205078,0.0,0.0
1740518065,170943040,,0.0,0.0,2.0993545055389404,0.0,0.0
1740518065,193326000,,0.0,0.0,2.3582992553710938,0.0,0.0
1740518065,225689227,,0.0,0.0,2.617398500442505,0.0,0.0
1740518065,235024912,,0.0,0.0,2.8763434886932373,0.0,0.0
1740518065,258564204,,0.0,0.0,3.031710386276245,0.0,0.0
1740518065,291566767,,0.0,0.0,3.1872315406799316,0.0,0.0
1740518065,312079499,,0.0,0.0,3.290809392929077,0.0,0.0
1740518065,319723901,,0.0,0.0,4.067798137664795,0.0,0.0
1740518065,328040694,,0.0,0.0,4.430475234985352,0.0,0.0
1740518065,338535463,,0.0,0.0,4.585842132568359,0.0,0.0
1740518065,359291366,,0.0,0.0,4.896575927734375,0.0,0.0
1740518065,391836195,,0.0,0.0,5.0,0.0,0.0
1740518065,450491224,,0.0,0.0,5.0,0.0,0.0
1740518065,500951958,,0.0,0.0,5.0,0.0,0.0
1740518065,553385609,,0.0,0.0,5.0,0.0,0.0
1740518065,611120693,,0.0,0.0,5.0,0.0,0.0
1740518065,662377115,,0.0,0.0,5.0,0.0,0.0
1740518065,719694274,,0.0,0.0,5.0,0.0,0.0
1740518065,777988852,,0.0,0.0,5.0,0.0,0.0
1740518065,822991831,,0.0,0.0,5.0,0.0,0.0
1740518065,875560107,,0.0,0.0,5.0,0.0,0.0
1740518065,955969226,,0.0,0.0,-1.9438332319259644,0.0,0.0
1740518065,961806025,,-0.06876998394727707,0.0,0.0,0.0,0.0
1740518065,973122850,,-0.14978891611099243,0.0,0.0,0.0,0.0
1740518065,990122777,,-0.28716474771499634,0.0,0.0,0.0,0.0
1740518065,996337052,,-0.3400000035762787,0.0,0.0,0.0,0.0
1740518066,17064922,,-0.3400000035762787,0.0,0.0,0.0,0.0
1740518066,87890993,,-0.3400000035762787,0.0,0.0,0.0,0.0
1740518066,125158560,,-0.3400000035762787,0.0,0.0,0.0,0.0
1740518066,179514215,,-0.3400000035762787,0.0,0.0,0.0,0.0
1740518066,227517577,,-0.3400000035762787,0.0,0.0,0.0,0.0
1740518066,284559340,,-0.3400000035762787,0.0,0.0,0.0,0.0
1740518066,329557486,,-0.3400000035762787,0.0,0.0,0.0,0.0
1740518066,360656252,,-0.258991539478302,0.0,0.0,0.0,0.0
1740518066,375521499,,0.0,0.0,0.0,0.0,0.0
1740518066,422465810,,0.0,0.0,0.0,0.0,0.0
1740518066,483537505,,0.16036435961723328,0.0,0.0,0.0,0.0
1740518066,497611575,,0.23081834614276886,0.0,0.0,0.0,0.0
1740518066,515828411,,0.3400000035762787,0.0,0.0,0.0,0.0
1740518066,548108500,,0.3400000035762787,0.0,0.0,0.0,0.0
1740518066,603368485,,0.3400000035762787,0.0,0.0,0.0,0.0
1740518066,657328903,,0.3400000035762787,0.0,0.0,0.0,0.0
1740518066,706919770,,0.3400000035762787,0.0,0.0,0.0,0.0
1740518066,762363532,,0.3400000035762787,0.0,0.0,0.0,0.0
1740518066,813746035,,0.3400000035762787,0.0,0.0,0.0,0.0
1740518066,864986520,,0.3400000035762787,0.0,0.0,0.0,0.0
1740518066,920522379,,0.3400000035762787,0.0,0.0,0.0,0.0
1740518066,968987859,,0.3400000035762787,0.0,0.0,0.0,0.0
1740518067,22173836,,0.3400000035762787,0.0,0.0,0.0,0.0
1740518067,74386043,,0.3400000035762787,0.0,0.0,0.0,0.0
1740518067,123512264,,0.3400000035762787,0.0,0.0,0.0,0.0
1740518067,177097638,,0.3400000035762787,0.0,0.0,0.0,0.0
1740518067,240470924,,0.2942185401916504,0.0,0.0,0.0,0.0
1740518067,251030813,,0.2554803788661957,0.0,0.0,0.0,0.0
1740518067,261361547,,0.23786164820194244,0.0,0.0,0.0,0.0
1740518067,271911516,,0.19206970930099487,0.0,0.0,0.0,0.0
1740518067,282703503,,0.16036435961723328,0.0,0.0,0.0,0.0
1740518067,297273771,,0.07230211794376373,0.0,0.0,0.0,0.0
1740518067,308376066,,0.01594521850347519,0.0,0.0,0.0,0.0
1740518067,327748369,,0.0,0.0,0.0,0.0,0.0
1740518067,373759998,,-0.030021339654922485,0.0,0.0,0.0,0.0
1740518067,386072289,,-0.06172667816281319,0.0,0.0,0.0,0.0
1740518067,396306767,,-0.07933493703603745,0.0,0.0,0.0,0.0
1740518067,409594173,,-0.11456193029880524,0.0,0.0,0.0,0.0
1740518067,420655411,,-0.14626726508140564,0.0,0.0,0.0,0.0
1740518067,429052909,,-0.15683221817016602,0.0,0.0,0.0,0.0
1740518067,442075800,,-0.223764568567276,0.0,0.0,0.0,0.0
1740518067,450411314,,-0.24137282371520996,0.0,-0.027178429067134857,0.0,0.0
1740518067,460734080,,-0.258991539478302,0.0,-0.18254539370536804,0.0,0.0
1740518067,471573236,,-0.27659979462623596,0.0,-0.23433437943458557,0.0,0.0
1740518067,482952142,,-0.28716474771499634,0.0,-0.23433437943458557,0.0,0.0
1740518067,494661003,,-0.2977401912212372,0.0,-0.23433437943458557,0.0,0.0
1740518067,506646283,,-0.31182679533958435,0.0,-0.23433437943458557,0.0,0.0
1740518067,508583040,,-0.3294350504875183,0.0,-0.23433437943458557,0.0,0.0
1740518067,519916921,,-0.3400000035762787,0.0,-0.027178429067134857,0.0,0.0
1740518067,573704985,,-0.3400000035762787,0.0,0.0,0.0,0.0
1740518067,628151455,,-0.3400000035762787,0.0,0.0,0.0,0.0
1740518067,680446639,,-0.3400000035762787,0.0,0.0,0.0,0.0
1740518067,742855690,,-0.3400000035762787,0.0,-0.027178429067134857,0.0,0.0
1740518067,812437843,,-0.3400000035762787,0.0,-0.18254539370536804,0.0,0.0
1740518067,821715670,,-0.3400000035762787,0.0,-0.2861233651638031,0.0,0.0
1740518067,842447412,,-0.3400000035762787,0.0,-0.38970130681991577,0.0,0.0
1740518067,896224083,,-0.3400000035762787,0.0,-0.5450682640075684,0.0,0.0
1740518067,927415201,,-0.3400000035762787,0.0,-0.7005893588066101,0.0,0.0
1740518067,951931303,,-0.3400000035762787,0.0,-0.7523783445358276,0.0,0.0
1740518067,983390936,,-0.3400000035762787,0.0,-0.8559563159942627,0.0,0.0
1740518068,56321251,,-0.3400000035762787,0.0,-0.9077453017234802,0.0,0.0
1740518068,100016726,,-0.3400000035762787,0.0,-0.5450682640075684,0.0,0.0
1740518068,117563153,,-0.3400000035762787,0.0,-0.4414902925491333,0.0,0.0
1740518068,138196397,,-0.3400000035762787,0.0,-0.38970130681991577,0.0,0.0
1740518068,200110755,,-0.31182679533958435,0.0,-0.38970130681991577,0.0,0.0
1740518068,208542013,,-0.2977401912212372,0.0,-0.38970130681991577,0.0,0.0
1740518068,218950956,,-0.27659979462623596,0.0,-0.38970130681991577,0.0,0.0
1740518068,224666665,,-0.27307814359664917,0.0,-0.2861233651638031,0.0,0.0
1740518068,249875446,,-0.258991539478302,0.0,0.0,0.0,0.0
1740518068,276687508,,-0.23080787062644958,0.0,0.0,0.0,0.0
1740518068,286322555,,-0.19558085501194,0.0,0.0,0.0,0.0
1740518068,296266310,,-0.14274561405181885,0.0,0.0,0.0,0.0
1740518068,303833302,,-0.1251268833875656,0.0,0.0,0.0,0.0
1740518068,318387602,,-0.11104027926921844,0.0,0.0,0.0,0.0
1740518068,324646229,,-0.09695367515087128,0.0,0.0,0.0,0.0
1740518068,359377320,,-0.04411842301487923,0.0,0.0,0.0,0.0
1740518068,370545119,,-0.03354299068450928,0.0,0.0,0.0,0.0
1740518068,378996985,,0.0,0.0,0.0,0.0,0.0
1740518068,428575723,,0.0,0.0,0.0,0.0,0.0
1740518068,450979578,,0.0441289059817791,0.0,0.0,0.0,0.0
1740518068,460542848,,0.09696415066719055,0.0,0.0,0.0,0.0
1740518068,472517536,,0.1497994065284729,0.0,0.0,0.0,0.0
1740518068,482733581,,0.19206970930099487,0.0,0.0,0.0,0.0
1740518068,493103996,,0.23081834614276886,0.0,0.0,0.0,0.0
1740518068,502854404,,0.27308863401412964,0.0,0.0,0.0,0.0
1740518068,513905498,,0.3259238600730896,0.0,0.0,0.0,0.0
1740518068,527339401,,0.3400000035762787,0.0,0.0,0.0,0.0
1740518068,579387317,,0.3400000035762787,0.0,0.0,0.0,0.0
1740518068,630045778,,0.3400000035762787,0.0,0.0,0.0,0.0
1740518068,650816816,,0.3400000035762787,0.0,0.07912154495716095,0.0,0.0
1740518068,692730416,,0.3400000035762787,0.0,0.13091053068637848,0.0,0.0
1740518068,724292865,,0.3400000035762787,0.0,0.23448851704597473,0.0,0.0
1740518068,790357027,,0.3400000035762787,0.0,0.3898554742336273,0.0,0.0
1740518068,811680518,,0.3400000035762787,0.0,0.44164445996284485,0.0,0.0
1740518068,887125900,,0.3400000035762787,0.0,0.7007434964179993,0.0,0.0
1740518068,897928096,,0.3400000035762787,0.0,1.063266396522522,0.0,0.0
1740518068,949377189,,0.3400000035762787,0.0,1.063266396522522,0.0,0.0
1740518069,1352784,,0.3400000035762787,0.0,1.063266396522522,0.0,0.0
1740518069,31432529,,0.3400000035762787,0.0,1.1150553226470947,0.0,0.0
1740518069,82349520,,0.3400000035762787,0.0,1.1150553226470947,0.0,0.0
1740518069,134445531,,0.3400000035762787,0.0,1.1150553226470947,0.0,0.0
1740518069,185030007,,0.3400000035762787,0.0,1.1150553226470947,0.0,0.0
1740518069,240328292,,0.3400000035762787,0.0,1.1150553226470947,0.0,0.0
1740518069,288640551,,0.3400000035762787,0.0,1.1150553226470947,0.0,0.0
1740518069,339555302,,0.3400000035762787,0.0,1.1150553226470947,0.0,0.0
1740518069,360523270,,0.3400000035762787,0.0,1.2187875509262085,0.0,0.0
1740518069,413685373,,0.3400000035762787,0.0,1.2187875509262085,0.0,0.0
1740518069,464913055,,0.3400000035762787,0.0,1.2187875509262085,0.0,0.0
1740518069,516787496,,0.3400000035762787,0.0,1.2187875509262085,0.0,0.0
1740518069,566340633,,0.3400000035762787,0.0,1.2187875509262085,0.0,0.0
1740518069,617415225,,0.3400000035762787,0.0,1.2187875509262085,0.0,0.0
1740518069,672393603,,0.3400000035762787,0.0,1.2187875509262085,0.0,0.0
1740518069,723777351,,0.3400000035762787,0.0,1.2187875509262085,0.0,0.0
1740518069,781986228,,0.3400000035762787,0.0,1.2187875509262085,0.0,0.0
1740518069,832456142,,0.3400000035762787,0.0,1.2187875509262085,0.0,0.0
1740518069,862531471,,0.30127230286598206,0.0,1.2187875509262085,0.0,0.0
1740518069,884721147,,0.23786164820194244,0.0,1.2187875509262085,0.0,0.0
1740518069,905488377,,0.20615631341934204,0.0,0.9596884250640869,0.0,0.0
1740518069,911376408,,0.19206970930099487,0.0,0.9078994393348694,0.0,0.0
1740518069,922366989,,0.11457240581512451,0.0,0.9078994393348694,0.0,0.0
1740518069,933450691,,0.01594521850347519,0.0,0.9078994393348694,0.0,0.0
1740518069,948164032,,0.0,0.0,0.9078994393348694,0.0,0.0
1740518069,975749862,,0.0,0.0,1.1150553226470947,0.0,0.0
1740518070,30654319,,0.0,0.0,1.1150553226470947,0.0,0.0
1740518070,82669273,,0.01946686953306198,0.0,1.1150553226470947,0.0,0.0
1740518070,84964753,,0.0441289059817791,0.0,1.1150553226470947,0.0,0.0
1740518070,131953029,,0.1251373589038849,0.0,1.1150553226470947,0.0,0.0
1740518070,150765006,,0.14275610446929932,0.0,1.1150553226470947,0.0,0.0
1740518070,174036677,,0.16036435961723328,0.0,1.1150553226470947,0.0,0.0
1740518070,183540682,,0.1744614541530609,0.0,1.1150553226470947,0.0,0.0
1740518070,203614816,,0.19206970930099487,0.0,1.2187875509262085,0.0,0.0
1740518070,215059514,,0.2132100909948349,0.0,1.2187875509262085,0.0,0.0
1740518070,224789154,,0.22025339305400848,0.0,1.2187875509262085,0.0,0.0
1740518070,245591871,,0.22377504408359528,0.0,1.2187875509262085,0.0,0.0
1740518070,282328998,,0.23081834614276886,0.0,1.2187875509262085,0.0,0.0
1740518070,296368091,,0.24138329923152924,0.0,1.2187875509262085,0.0,0.0
1740518070,327052418,,0.24842660129070282,0.0,1.2187875509262085,0.0,0.0
1740518070,349372080,,0.2554803788661957,0.0,1.2187875509262085,0.0,0.0
1740518070,401049974,,0.2554803788661957,0.0,1.2187875509262085,0.0,0.0
1740518070,420694823,,0.26604533195495605,0.0,1.2187875509262085,0.0,0.0
1740518070,454949876,,0.27661028504371643,0.0,1.2187875509262085,0.0,0.0
1740518070,484852754,,0.28365358710289,0.0,1.2187875509262085,0.0,0.0
1740518070,508085257,,0.28365358710289,0.0,1.2705764770507812,0.0,0.0
1740518070,525972136,,0.28365358710289,0.0,1.3741543292999268,0.0,0.0
1740518070,579138238,,0.28365358710289,0.0,1.3741543292999268,0.0,0.0
1740518070,621893189,,0.24138329923152924,0.0,1.3741543292999268,0.0,0.0
1740518070,635082289,,0.23786164820194244,0.0,1.3741543292999268,0.0,0.0
1740518070,692894521,,0.23786164820194244,0.0,1.3741543292999268,0.0,0.0
1740518070,742669610,,0.23786164820194244,0.0,1.3741543292999268,0.0,0.0
1740518070,795060088,,0.23786164820194244,0.0,1.3741543292999268,0.0,0.0
1740518070,849823743,,0.22025339305400848,0.0,1.425943374633789,0.0,0.0
1740518070,860575090,,0.20615631341934204,0.0,1.425943374633789,0.0,0.0
1740518070,872738163,,0.19559136033058167,0.0,1.425943374633789,0.0,0.0
1740518070,881719059,,0.1779831051826477,0.0,1.425943374633789,0.0,0.0
1740518070,895288451,,0.1497994065284729,0.0,1.425943374633789,0.0,0.0
1740518070,914098571,,0.10400745272636414,0.0,1.5295213460922241,0.0,0.0
1740518070,926582480,,0.03355347365140915,0.0,1.5295213460922241,0.0,0.0
1740518070,941267981,,0.0,0.0,1.788466215133667,0.0,0.0
1740518070,953137035,,0.0,0.0,2.047565460205078,0.0,0.0
1740518070,970072031,,0.0,0.0,2.202932357788086,0.0,0.0
1740518070,992520046,,0.0,0.0,2.2547214031219482,0.0,0.0
1740518071,31515469,,0.0,0.0,1.943987488746643,0.0,0.0
1740518071,55026791,,0.0,0.0,1.788466215133667,0.0,0.0
1740518071,85179239,,0.0,0.0,1.7366772890090942,0.0,0.0
1740518071,106989167,,0.0,0.0,1.5813102722167969,0.0,0.0
1740518071,161816726,,0.0,0.0,1.943987488746643,0.0,0.0
1740518071,214947466,,0.0,0.0,2.047565460205078,0.0,0.0
1740518071,266241547,,0.0,0.0,2.0993545055389404,0.0,0.0
1740518071,288249653,,0.0,0.0,2.202932357788086,0.0,0.0
1740518071,339810201,,0.0,0.0,2.2547214031219482,0.0,0.0
1740518071,378333363,,0.0,0.0,2.3582992553710938,0.0,0.0
1740518071,404597034,,0.0,0.0,2.410088300704956,0.0,0.0
1740518071,463586653,,0.0,0.0,2.410088300704956,0.0,0.0
1740518071,522271532,,0.0,0.0,2.410088300704956,0.0,0.0
1740518071,573436876,,0.0,0.0,2.410088300704956,0.0,0.0
1740518071,636469418,,0.01946686953306198,0.0,2.410088300704956,0.0,0.0
1740518071,648265927,,0.10400745272636414,0.0,2.410088300704956,0.0,0.0
1740518071,658394419,,0.16036435961723328,0.0,2.410088300704956,0.0,0.0
1740518071,679054318,,0.1850264072418213,0.0,2.410088300704956,0.0,0.0
1740518071,689573054,,0.22025339305400848,0.0,2.410088300704956,0.0,0.0
1740518071,699629001,,0.23786164820194244,0.0,2.410088300704956,0.0,0.0
1740518071,713756095,,0.24138329923152924,0.0,2.202932357788086,0.0,0.0
1740518071,726144899,,0.3400000035762787,0.0,2.047565460205078,0.0,0.0
1740518071,776615739,,0.3400000035762787,0.0,2.047565460205078,0.0,0.0
1740518071,817711088,,0.30831560492515564,0.0,1.943987488746643,0.0,0.0
1740518071,828994984,,0.22025339305400848,0.0,1.788466215133667,0.0,0.0
1740518071,844073192,,0.0,0.0,1.5813102722167969,0.0,0.0
1740518071,857239892,,0.0,0.0,1.2187875509262085,0.0,0.0
1740518071,863456470,,0.0,0.0,0.9596884250640869,0.0,0.0
1740518071,886178120,,0.0,0.0,0.7525324821472168,0.0,0.0
1740518071,941118384,,0.0,0.0,0.7525324821472168,0.0,0.0
1740518071,967345542,,0.0,0.0,0.44164445996284485,0.0,0.0
1740518072,8447099,,0.0,0.0,0.8043214678764343,0.0,0.0
1740518072,19608690,,0.0,0.0,1.063266396522522,0.0,0.0
1740518072,43422670,,0.0,0.0,1.1150553226470947,0.0,0.0
1740518072,65103220,,-0.03354299068450928,0.0,1.3741543292999268,0.0,0.0
1740518072,73855825,,-0.0863887220621109,0.0,1.425943374633789,0.0,0.0
1740518072,103759470,,-0.14626726508140564,0.0,1.5295213460922241,0.0,0.0
1740518072,108283390,,-0.3400000035762787,0.0,1.788466215133667,0.0,0.0
1740518072,125578486,,-0.3400000035762787,0.0,1.943987488746643,0.0,0.0
1740518072,140214609,,-0.3400000035762787,0.0,2.047565460205078,0.0,0.0
1740518072,174059512,,-0.3400000035762787,0.0,2.0993545055389404,0.0,0.0
1740518072,211885642,,-0.3400000035762787,0.0,2.202932357788086,0.0,0.0
1740518072,237181014,,-0.28364309668540955,0.0,2.202932357788086,0.0,0.0
1740518072,246934109,,-0.223764568567276,0.0,2.202932357788086,0.0,0.0
1740518072,251059049,,-0.06524833291769028,0.0,2.202932357788086,0.0,0.0
1740518072,261942589,,0.0,0.0,2.202932357788086,0.0,0.0
1740518072,319464543,,0.0,0.0,2.202932357788086,0.0,0.0
1740518072,374367782,,0.0,0.0,2.202932357788086,0.0,0.0
1740518072,393485392,,0.0,0.0,1.8921984434127808,0.0,0.0
1740518072,416319331,,0.0,0.0,1.7366772890090942,0.0,0.0
1740518072,446603364,,0.0,0.0,1.6330993175506592,0.0,0.0
1740518072,513002980,,0.026510171592235565,0.0,1.6330993175506592,0.0,0.0
1740518072,522742092,,0.06878046691417694,0.0,1.5813102722167969,0.0,0.0
1740518072,534654890,,0.10752910375595093,0.0,1.5813102722167969,0.0,0.0
1740518072,543360423,,0.13923445343971252,0.0,1.5813102722167969,0.0,0.0
1740518072,561882059,,0.1744614541530609,0.0,1.5295213460922241,0.0,0.0
1740518072,575660509,,0.20263466238975525,0.0,1.5295213460922241,0.0,0.0
1740518072,586173933,,0.2132100909948349,0.0,1.5295213460922241,0.0,0.0
1740518072,597544645,,0.22377504408359528,0.0,1.5295213460922241,0.0,0.0
1740518072,607625296,,0.23786164820194244,0.0,1.5295213460922241,0.0,0.0
1740518072,627487459,,0.24138329923152924,0.0,1.7366772890090942,0.0,0.0
1740518072,679487275,,0.24138329923152924,0.0,1.7366772890090942,0.0,0.0
1740518072,734970456,,0.24138329923152924,0.0,1.7366772890090942,0.0,0.0
1740518072,764329103,,0.2132100909948349,0.0,1.7366772890090942,0.0,0.0
1740518072,796423076,,0.20263466238975525,0.0,1.7366772890090942,0.0,0.0
1740518072,811383746,,0.19206970930099487,0.0,1.7366772890090942,0.0,0.0
1740518072,854159336,,0.1779831051826477,0.0,1.7366772890090942,0.0,0.0
1740518072,873040976,,0.16036435961723328,0.0,1.7366772890090942,0.0,0.0
1740518072,922647871,,0.13219115138053894,0.0,1.7366772890090942,0.0,0.0
1740518072,935243972,,0.08992084860801697,0.0,1.7366772890090942,0.0,0.0
1740518072,956147522,,0.07934542000293732,0.0,1.7366772890090942,0.0,0.0
1740518072,997862781,,0.06878046691417694,0.0,1.7366772890090942,0.0,0.0
1740518073,20532109,,0.06173716112971306,0.0,1.7366772890090942,0.0,0.0
1740518073,44800846,,0.03707512468099594,0.0,1.7366772890090942,0.0,0.0
1740518073,52609505,,0.01946686953306198,0.0,1.7366772890090942,0.0,0.0
1740518073,61713601,,0.00890191551297903,0.0,1.7366772890090942,0.0,0.0
1740518073,114026859,,0.005380264949053526,0.0,1.7366772890090942,0.0,0.0
1740518073,139714748,,0.0,0.0,1.7366772890090942,0.0,0.0
1740518073,182904645,,-0.04059677571058273,0.0,1.7366772890090942,0.0,0.0
1740518073,193823321,,-0.14626726508140564,0.0,1.7366772890090942,0.0,0.0
1740518073,214346962,,-0.2942080497741699,0.0,1.7366772890090942,0.0,0.0
1740518073,241968791,,-0.3223917484283447,0.0,1.7366772890090942,0.0,0.0
1740518073,280431406,,-0.30830514430999756,0.0,1.7366772890090942,0.0,0.0
1740518073,291285889,,-0.27307814359664917,0.0,1.7366772890090942,0.0,0.0
1740518073,306441378,,-0.23080787062644958,0.0,1.7366772890090942,0.0,0.0
1740518073,316420971,,-0.13570231199264526,0.0,1.7366772890090942,0.0,0.0
1740518073,324651235,,-0.09695367515087128,0.0,1.425943374633789,0.0,0.0
1740518073,340178311,,0.0,0.0,1.425943374633789,0.0,0.0
1740518073,387633406,,0.0,0.0,1.425943374633789,0.0,0.0
1740518073,410229101,,0.0,0.0,1.6330993175506592,0.0,0.0
1740518073,463718212,,0.0,0.0,1.6330993175506592,0.0,0.0
1740518073,519238864,,0.0,0.0,1.6330993175506592,0.0,0.0
1740518073,573814674,,0.0,0.0,1.6330993175506592,0.0,0.0
1740518073,625010704,,0.03355347365140915,0.0,1.6330993175506592,0.0,0.0
1740518073,647282812,,0.15684270858764648,0.0,1.7366772890090942,0.0,0.0
1740518073,657812140,,0.1744614541530609,0.0,1.788466215133667,0.0,0.0
1740518073,670333904,,0.19559136033058167,0.0,1.788466215133667,0.0,0.0
1740518073,681829034,,0.20615631341934204,0.0,1.8921984434127808,0.0,0.0
1740518073,688147437,,0.23081834614276886,0.0,1.8921984434127808,0.0,0.0
1740518073,706973652,,0.26604533195495605,0.0,1.8921984434127808,0.0,0.0
1740518073,719951710,,0.3400000035762787,0.0,1.6330993175506592,0.0,0.0
1740518073,728243670,,0.3400000035762787,0.0,1.5813102722167969,0.0,0.0
1740518073,772957135,,0.3400000035762787,0.0,1.8921984434127808,0.0,0.0
1740518073,796829708,,0.3400000035762787,0.0,1.943987488746643,0.0,0.0
1740518073,815520338,,0.24138329923152924,0.0,1.943987488746643,0.0,0.0
1740518073,832387557,,0.22377504408359528,0.0,2.047565460205078,0.0,0.0
1740518073,839725203,,0.0,0.0,2.047565460205078,0.0,0.0
1740518073,864481049,,0.0,0.0,1.5813102722167969,0.0,0.0
1740518073,869157450,,0.0,0.0,1.425943374633789,0.0,0.0
1740518073,980528198,,-0.026499688625335693,0.0,1.3741543292999268,0.0,0.0
1740518073,992748007,,-0.07933493703603745,0.0,1.3741543292999268,0.0,0.0
1740518074,19384097,,-0.17092929780483246,0.0,1.3741543292999268,0.0,0.0
1740518074,33040562,,-0.2625131905078888,0.0,1.3741543292999268,0.0,0.0
1740518074,45308307,,-0.3400000035762787,0.0,1.3741543292999268,0.0,0.0
1740518074,93961654,,-0.3400000035762787,0.0,1.3741543292999268,0.0,0.0
1740518074,142847323,,-0.3400000035762787,0.0,1.7366772890090942,0.0,0.0
1740518074,162771630,,-0.3400000035762787,0.0,1.788466215133667,0.0,0.0
1740518074,231978602,,-0.3400000035762787,0.0,1.8921984434127808,0.0,0.0
1740518074,264365568,,-0.3400000035762787,0.0,1.943987488746643,0.0,0.0
1740518074,318271770,,-0.3400000035762787,0.0,1.943987488746643,0.0,0.0
1740518074,370058078,,-0.3400000035762787,0.0,1.943987488746643,0.0,0.0
1740518074,422299686,,-0.3400000035762787,0.0,1.943987488746643,0.0,0.0
1740518074,455433701,,0.03707512468099594,0.0,1.5813102722167969,0.0,0.0
1740518074,476400962,,0.0,0.0,1.5295213460922241,0.0,0.0
1740518074,491545667,,0.0,0.0,1.425943374633789,0.0,0.0
1740518074,541115759,,0.0,0.0,1.7366772890090942,0.0,0.0
1740518074,598397453,,0.0,0.0,1.7366772890090942,0.0,0.0
1740518074,634777101,,0.0,0.0,1.788466215133667,0.0,0.0
1740518074,688971178,,-0.008891434408724308,0.0,1.788466215133667,0.0,0.0
1740518074,742997350,,0.0,0.0,1.788466215133667,0.0,0.0
1740518074,796310042,,0.0,0.0,1.788466215133667,0.0,0.0
1740518074,848159966,,0.0,0.0,1.788466215133667,0.0,0.0
1740518074,898948631,,0.0,0.0,1.788466215133667,0.0,0.0
1740518074,951357889,,0.0,0.0,1.788466215133667,0.0,0.0
1740518075,9519848,,0.0,0.0,1.788466215133667,0.0,0.0
1740518075,41996735,,-0.01945638842880726,0.0,1.788466215133667,0.0,0.0
1740518075,48315554,,-0.03354299068450928,0.0,1.788466215133667,0.0,0.0
1740518075,61464653,,-0.06524833291769028,0.0,1.788466215133667,0.0,0.0
1740518075,70821103,,-0.09695367515087128,0.0,1.788466215133667,0.0,0.0
1740518075,81011867,,-0.13218066096305847,0.0,1.788466215133667,0.0,0.0
1740518075,91512458,,-0.15683221817016602,0.0,1.788466215133667,0.0,0.0
1740518075,102842210,,-0.21672126650810242,0.0,1.788466215133667,0.0,0.0
1740518075,112671593,,-0.23080787062644958,0.0,1.788466215133667,0.0,0.0
1740518075,123557596,,-0.24841612577438354,0.0,1.788466215133667,0.0,0.0
1740518075,178098012,,-0.14626726508140564,0.0,1.788466215133667,0.0,0.0
1740518075,181299614,,-0.10047532618045807,0.0,1.788466215133667,0.0,0.0
1740518075,191596651,,-0.06524833291769028,0.0,1.5813102722167969,0.0,0.0
1740518075,203893388,,0.0,0.0,1.425943374633789,0.0,0.0
1740518075,257025757,,0.0,0.0,1.425943374633789,0.0,0.0
1740518075,309182084,,0.0,0.0,1.425943374633789,0.0,0.0
1740518075,361052904,,0.0,0.0,1.3741543292999268,0.0,0.0
1740518075,413106413,,0.0,0.0,1.3741543292999268,0.0,0.0
1740518075,467730606,,0.0,0.0,1.5813102722167969,0.0,0.0
1740518075,486802359,,0.0,0.0,1.6330993175506592,0.0,0.0
1740518075,539510468,,0.0,0.0,1.6330993175506592,0.0,0.0
1740518075,583428372,,0.0,0.0,1.7366772890090942,0.0,0.0
1740518075,637104330,,0.0,0.0,1.7366772890090942,0.0,0.0
1740518075,693479646,,0.0,0.0,1.788466215133667,0.0,0.0
1740518075,750268949,,0.0,0.0,1.788466215133667,0.0,0.0
1740518075,803014146,,0.0,0.0,1.788466215133667,0.0,0.0
1740518075,841628698,,0.06878046691417694,0.0,1.943987488746643,0.0,0.0
1740518075,843709520,,0.11457240581512451,0.0,2.047565460205078,0.0,0.0
1740518075,865215539,,0.16740766167640686,0.0,2.0993545055389404,0.0,0.0
1740518075,879631627,,0.20263466238975525,0.0,2.0993545055389404,0.0,0.0
1740518075,889659189,,0.22377504408359528,0.0,2.0993545055389404,0.0,0.0
1740518075,897320422,,0.24138329923152924,0.0,2.0993545055389404,0.0,0.0
1740518075,908171384,,0.27661028504371643,0.0,2.0993545055389404,0.0,0.0
1740518075,920490458,,0.318880558013916,0.0,2.0993545055389404,0.0,0.0
1740518075,941228373,,0.3400000035762787,0.0,2.0993545055389404,0.0,0.0
1740518075,962200691,,0.3400000035762787,0.0,2.3582992553710938,0.0,0.0
1740518075,983741590,,0.3400000035762787,0.0,2.4618773460388184,0.0,0.0
1740518076,15161570,,0.3400000035762787,0.0,2.5656094551086426,0.0,0.0
1740518076,35715834,,0.3400000035762787,0.0,2.7727653980255127,0.0,0.0
1740518076,46407179,,0.3400000035762787,0.0,3.601543426513672,0.0,0.0
1740518076,70718987,,0.3400000035762787,0.0,4.430475234985352,0.0,0.0
1740518076,82104547,,0.3400000035762787,0.0,5.0,0.0,0.0
1740518076,101913140,,0.3400000035762787,0.0,5.0,0.0,0.0
1740518076,136321951,,0.3400000035762787,0.0,5.0,0.0,0.0
1740518076,185767656,,0.3400000035762787,0.0,5.0,0.0,0.0
1740518076,239608704,,0.3400000035762787,0.0,5.0,0.0,0.0
1740518076,313826254,,0.3400000035762787,0.0,-2.4099340438842773,0.0,0.0
1740518076,330426781,,0.3400000035762787,0.0,0.7007434964179993,0.0,0.0
1740518076,338592883,,0.24138329923152924,0.0,0.0,0.0,0.0
1740518076,360102614,,0.15684270858764648,0.0,0.0,0.0,0.0
1740518076,364699558,,0.0,0.0,0.0,0.0,0.0
1740518076,419885196,,0.0,0.0,0.0,0.0,0.0
1740518076,468206057,,0.0,0.0,0.0,0.0,0.0
1740518076,521562140,,0.0,0.0,0.0,0.0,0.0
1740518076,548917564,,0.026510171592235565,0.0,0.0,0.0,0.0
1740518076,559386538,,0.06878046691417694,0.0,0.0,0.0,0.0
1740518076,572605878,,0.10400745272636414,0.0,0.0,0.0,0.0
1740518076,580386696,,0.1216157078742981,0.0,0.0,0.0,0.0
1740518076,590998231,,0.16036435961723328,0.0,0.0,0.0,0.0
1740518076,607106369,,0.1779831051826477,0.0,0.0,0.0,0.0
1740518076,616243650,,0.23081834614276886,0.0,0.0,0.0,0.0
1740518076,636215476,,0.3400000035762787,0.0,0.0,0.0,0.0
1740518076,682252697,,0.3400000035762787,0.0,0.0,0.0,0.0
1740518076,737606753,,0.3400000035762787,0.0,0.0,0.0,0.0
1740518076,788594202,,0.3400000035762787,0.0,0.0,0.0,0.0
1740518076,843928930,,0.3400000035762787,0.0,0.0,0.0,0.0
1740518076,900478838,,0.1216157078742981,0.0,0.0,0.0,0.0
1740518076,913249852,,0.0,0.0,0.0,0.0,0.0
1740518076,924548339,,0.0,0.0,0.0,0.0,0.0
1740518076,987928847,,0.0,0.0,0.0,0.0,0.0
1740518077,35033631,,0.0,0.0,0.0,0.0,0.0
1740518077,90275205,,0.0,0.0,0.0,0.0,0.0
1740518077,155963064,,0.054693859070539474,0.0,0.0,0.0,0.0
1740518077,167670291,,0.10752910375595093,0.0,0.0,0.0,0.0
1740518077,185393038,,0.1251373589038849,0.0,0.07912154495716095,0.0,0.0
1740518077,189477753,,0.16036435961723328,0.0,0.13091053068637848,0.0,0.0
1740518077,220867011,,0.1744614541530609,0.0,0.23448851704597473,0.0,0.0
1740518077,247340922,,0.19559136033058167,0.0,0.23448851704597473,0.0,0.0
1740518077,269832102,,0.20263466238975525,0.0,0.23448851704597473,0.0,0.0
1740518077,312476103,,0.1779831051826477,0.0,0.23448851704597473,0.0,0.0
1740518077,322582962,,0.16036435961723328,0.0,0.23448851704597473,0.0,0.0
1740518077,334420206,,0.1251373589038849,0.0,0.23448851704597473,0.0,0.0
1740518077,343639375,,0.09696415066719055,0.0,0.23448851704597473,0.0,0.0
1740518077,388615752,,0.03707512468099594,0.0,0.23448851704597473,0.0,0.0
1740518077,394428806,,0.0,0.0,0.28627750277519226,0.0,0.0
1740518077,403784872,,0.0,0.0,0.3898554742336273,0.0,0.0
1740518077,457842465,,0.0,0.0,0.3898554742336273,0.0,0.0
1740518077,475310105,,0.0,0.0,0.44164445996284485,0.0,0.0
1740518077,496020275,,0.0,0.0,0.7007434964179993,0.0,0.0
1740518077,550897044,,0.0,0.0,0.7007434964179993,0.0,0.0
1740518077,603315612,,0.0,0.0,0.7007434964179993,0.0,0.0
1740518077,660513430,,0.0,0.0,0.7007434964179993,0.0,0.0
1740518077,696099468,,0.0,0.0,0.7525324821472168,0.0,0.0
1740518077,747247207,,0.0,0.0,0.7525324821472168,0.0,0.0
1740518077,799583405,,0.0,0.0,0.7525324821472168,0.0,0.0
1740518077,851283949,,0.0,0.0,0.9078994393348694,0.0,0.0
1740518077,888045328,,0.0,0.0,1.063266396522522,0.0,0.0
1740518077,907123993,,0.0,0.0,1.1150553226470947,0.0,0.0
1740518077,960932879,,0.0,0.0,1.1150553226470947,0.0,0.0
1740518078,13703770,,0.0,0.0,1.1150553226470947,0.0,0.0
1740518078,69649766,,0.0,0.0,1.1150553226470947,0.0,0.0
1740518078,117585118,,0.0,0.0,1.1150553226470947,0.0,0.0
1740518078,196861855,,0.00890191551297903,0.0,1.1150553226470947,0.0,0.0
1740518078,216298443,,0.01946686953306198,0.0,1.1150553226470947,0.0,0.0
1740518078,287562616,,0.01946686953306198,0.0,1.1150553226470947,0.0,0.0
1740518078,312429853,,0.01946686953306198,0.0,0.9078994393348694,0.0,0.0
1740518078,385009688,,0.026510171592235565,0.0,0.9078994393348694,0.0,0.0
1740518078,403984575,,0.03707512468099594,0.0,0.9078994393348694,0.0,0.0
1740518078,429410122,,0.054693859070539474,0.0,0.9078994393348694,0.0,0.0
1740518078,436760759,,0.07230211794376373,0.0,0.9078994393348694,0.0,0.0
1740518078,447139460,,0.08639919757843018,0.0,0.9078994393348694,0.0,0.0
1740518078,456784938,,0.09696415066719055,0.0,0.9078994393348694,0.0,0.0
1740518078,467615612,,0.10752910375595093,0.0,1.1150553226470947,0.0,0.0
1740518078,471808552,,0.11457240581512451,0.0,1.2187875509262085,0.0,0.0
1740518078,481809009,,0.13219115138053894,0.0,1.2187875509262085,0.0,0.0
1740518078,502230663,,0.16036435961723328,0.0,1.2187875509262085,0.0,0.0
1740518078,525106584,,0.1744614541530609,0.0,1.2187875509262085,0.0,0.0
1740518078,543281495,,0.1850264072418213,0.0,1.2187875509262085,0.0,0.0
1740518078,573548533,,0.19559136033058167,0.0,1.2187875509262085,0.0,0.0
1740518078,597664146,,0.20263466238975525,0.0,1.2187875509262085,0.0,0.0
1740518078,648683146,,0.20263466238975525,0.0,1.2187875509262085,0.0,0.0
1740518078,698663415,,0.20263466238975525,0.0,1.2187875509262085,0.0,0.0
1740518078,773473385,,0.1779831051826477,0.0,1.2187875509262085,0.0,0.0
1740518078,787717087,,0.14275610446929932,0.0,1.2187875509262085,0.0,0.0
1740518078,798578577,,0.10752910375595093,0.0,1.2187875509262085,0.0,0.0
1740518078,810399373,,0.06173716112971306,0.0,1.2187875509262085,0.0,0.0
1740518078,831423978,,0.005380264949053526,0.0,1.2187875509262085,0.0,0.0
1740518078,852585032,,0.0,0.0,1.2187875509262085,0.0,0.0
1740518078,862926901,,0.0,0.0,1.2705764770507812,0.0,0.0
1740518078,915275611,,0.0,0.0,1.2705764770507812,0.0,0.0
1740518078,969302995,,0.0,0.0,1.2705764770507812,0.0,0.0
1740518079,21124243,,0.0,0.0,1.2705764770507812,0.0,0.0
1740518079,74537091,,0.0,0.0,1.2705764770507812,0.0,0.0
1740518079,107659102,,0.026510171592235565,0.0,1.2705764770507812,0.0,0.0
1740518079,114129666,,0.07934542000293732,0.0,1.2705764770507812,0.0,0.0
1740518079,124422414,,0.16036435961723328,0.0,1.2705764770507812,0.0,0.0
1740518079,144392224,,0.19559136033058167,0.0,1.425943374633789,0.0,0.0
1740518079,154683596,,0.22377504408359528,0.0,1.5295213460922241,0.0,0.0
1740518079,167042413,,0.23786164820194244,0.0,1.5295213460922241,0.0,0.0
1740518079,187050879,,0.24842660129070282,0.0,1.5295213460922241,0.0,0.0
1740518079,214405246,,0.30127230286598206,0.0,1.5295213460922241,0.0,0.0
1740518079,238498395,,0.3294455111026764,0.0,1.063266396522522,0.0,0.0
1740518079,244190999,,0.3400000035762787,0.0,0.9596884250640869,0.0,0.0
1740518079,264789231,,0.3400000035762787,0.0,0.9078994393348694,0.0,0.0
1740518079,311336695,,0.27308863401412964,0.0,0.9078994393348694,0.0,0.0
1740518079,320617208,,0.19206970930099487,0.0,0.9078994393348694,0.0,0.0
1740518079,340518665,,0.0,0.0,1.2187875509262085,0.0,0.0
1740518079,370885384,,0.0,0.0,0.9078994393348694,0.0,0.0
1740518079,391736514,,0.0,0.0,0.7525324821472168,0.0,0.0
1740518079,397058234,,0.0,0.0,0.5452224016189575,0.0,0.0
1740518079,417319439,,0.0,0.0,0.3898554742336273,0.0,0.0
1740518079,446229438,,0.0,0.0,0.28627750277519226,0.0,0.0
1740518079,500998780,,0.0,0.0,0.28627750277519226,0.0,0.0
1740518079,542061899,,0.0,0.0,0.5452224016189575,0.0,0.0
1740518079,583055737,,0.0,0.0,0.5971655249595642,0.0,0.0
1740518079,620025821,,0.0,0.0,0.7525324821472168,0.0,0.0
1740518079,636366184,,0.0,0.0,1.063266396522522,0.0,0.0
1740518079,646603732,,0.005380264949053526,0.0,1.1150553226470947,0.0,0.0
1740518079,656427579,,0.01946686953306198,0.0,1.1150553226470947,0.0,0.0
1740518079,667484655,,0.05117220804095268,0.0,1.1150553226470947,0.0,0.0
1740518079,677328150,,0.07934542000293732,0.0,1.1150553226470947,0.0,0.0
1740518079,687819684,,0.10752910375595093,0.0,1.1150553226470947,0.0,0.0
1740518079,698326546,,0.1251373589038849,0.0,1.2187875509262085,0.0,0.0
1740518079,712152099,,0.13923445343971252,0.0,1.2187875509262085,0.0,0.0
1740518079,719975989,,0.16740766167640686,0.0,1.2187875509262085,0.0,0.0
1740518079,734286412,,0.1779831051826477,0.0,1.2187875509262085,0.0,0.0
1740518079,753403380,,0.20615631341934204,0.0,1.2705764770507812,0.0,0.0
1740518079,773417862,,0.22377504408359528,0.0,1.425943374633789,0.0,0.0
1740518079,783137580,,0.23786164820194244,0.0,1.425943374633789,0.0,0.0
1740518079,808307412,,0.24138329923152924,0.0,1.5295213460922241,0.0,0.0
1740518079,823251729,,0.24138329923152924,0.0,1.1150553226470947,0.0,0.0
1740518079,851404792,,0.24138329923152924,0.0,0.9596884250640869,0.0,0.0
1740518079,868937808,,0.24138329923152924,0.0,0.9078994393348694,0.0,0.0
1740518079,921334934,,0.24138329923152924,0.0,0.9078994393348694,0.0,0.0
1740518079,937680865,,0.2132100909948349,0.0,1.2187875509262085,0.0,0.0
1740518079,939499572,,0.20263466238975525,0.0,1.2187875509262085,0.0,0.0
1740518079,960329039,,0.16740766167640686,0.0,1.2187875509262085,0.0,0.0
1740518079,972074314,,0.14275610446929932,0.0,1.2187875509262085,0.0,0.0
1740518079,992603649,,0.06878046691417694,0.0,1.2187875509262085,0.0,0.0
1740518080,3959640,,0.0,0.0,1.2187875509262085,0.0,0.0
1740518080,23459941,,0.0,0.0,1.063266396522522,0.0,0.0
1740518080,48207720,,0.0,0.0,0.8043214678764343,0.0,0.0
1740518080,57059396,,0.0,0.0,0.44164445996284485,0.0,0.0
1740518080,115285734,,0.0,0.0,0.44164445996284485,0.0,0.0
1740518080,172755648,,0.0,0.0,0.7525324821472168,0.0,0.0
1740518080,182415301,,0.0,0.0,1.063266396522522,0.0,0.0
1740518080,194684934,,0.0,0.0,1.1150553226470947,0.0,0.0
1740518080,224967555,,0.0,0.0,1.2187875509262085,0.0,0.0
1740518080,257777498,,-0.07933493703603745,0.0,1.2187875509262085,0.0,0.0
1740518080,261880037,,-0.14626726508140564,0.0,0.9596884250640869,0.0,0.0
1740518080,286844491,,-0.3400000035762787,0.0,0.9078994393348694,0.0,0.0
1740518080,312373174,,-0.3400000035762787,0.0,0.8043214678764343,0.0,0.0
1740518080,354729426,,-0.3400000035762787,0.0,0.8043214678764343,0.0,0.0
1740518080,408361219,,-0.3400000035762787,0.0,0.8043214678764343,0.0,0.0
1740518080,453962145,,-0.3400000035762787,0.0,1.1150553226470947,0.0,0.0
1740518080,485036902,,-0.3400000035762787,0.0,1.2187875509262085,0.0,0.0
1740518080,516015307,,-0.3400000035762787,0.0,1.2705764770507812,0.0,0.0
1740518080,570338788,,-0.3400000035762787,0.0,1.2705764770507812,0.0,0.0
1740518080,612490013,,-0.3400000035762787,0.0,1.3741543292999268,0.0,0.0
1740518080,667920450,,-0.3400000035762787,0.0,1.3741543292999268,0.0,0.0
1740518080,716041274,,-0.258991539478302,0.0,1.3741543292999268,0.0,0.0
1740518080,718706166,,-0.14626726508140564,0.0,1.3741543292999268,0.0,0.0
1740518080,724584051,,0.0,0.0,1.3741543292999268,0.0,0.0
1740518080,787114082,,0.0,0.0,1.425943374633789,0.0,0.0
1740518080,842576039,,0.0,0.0,1.425943374633789,0.0,0.0
1740518080,858630063,,0.0,0.0,1.2187875509262085,0.0,0.0
1740518080,911238710,,0.0,0.0,1.2187875509262085,0.0,0.0
1740518080,962453934,,0.0,0.0,1.2187875509262085,0.0,0.0
1740518080,982958405,,0.0,0.0,1.425943374633789,0.0,0.0
1740518081,14909459,,0.0,0.0,1.5295213460922241,0.0,0.0
1740518081,55872576,,0.0,0.0,1.063266396522522,0.0,0.0
1740518081,117399587,,0.0,0.0,1.425943374633789,0.0,0.0
1740518081,141995876,,0.0,0.0,1.5813102722167969,0.0,0.0
1740518081,185483339,,0.0,0.0,1.2187875509262085,0.0,0.0
1740518081,242371710,,0.0,0.0,1.2187875509262085,0.0,0.0
1740518081,286157992,,0.08992084860801697,0.0,1.063266396522522,0.0,0.0
1740518081,289037414,,0.10400745272636414,0.0,0.9596884250640869,0.0,0.0
1740518081,298222886,,0.11457240581512451,0.0,0.9596884250640869,0.0,0.0
1740518081,316327715,,0.14275610446929932,0.0,0.9596884250640869,0.0,0.0
1740518081,319930313,,0.1744614541530609,0.0,0.9596884250640869,0.0,0.0
1740518081,341126342,,0.19206970930099487,0.0,0.9596884250640869,0.0,0.0
1740518081,351560819,,0.20263466238975525,0.0,0.9596884250640869,0.0,0.0
1740518081,385365877,,0.20615631341934204,0.0,1.2187875509262085,0.0,0.0
1740518081,393311880,,0.2132100909948349,0.0,1.2705764770507812,0.0,0.0
1740518081,404103161,,0.22025339305400848,0.0,1.425943374633789,0.0,0.0
1740518081,414952330,,0.22377504408359528,0.0,1.5295213460922241,0.0,0.0
1740518081,446691926,,0.23081834614276886,0.0,1.5295213460922241,0.0,0.0
1740518081,477774715,,0.23081834614276886,0.0,1.788466215133667,0.0,0.0
1740518081,548518623,,0.23081834614276886,0.0,1.788466215133667,0.0,0.0
1740518081,559529970,,0.23786164820194244,0.0,1.788466215133667,0.0,0.0
1740518081,590189586,,0.23786164820194244,0.0,1.5295213460922241,0.0,0.0
1740518081,600632320,,0.23786164820194244,0.0,1.425943374633789,0.0,0.0
1740518081,621528666,,0.23786164820194244,0.0,1.1150553226470947,0.0,0.0
1740518081,641938768,,0.20615631341934204,0.0,1.1150553226470947,0.0,0.0
1740518081,658620286,,0.20263466238975525,0.0,1.063266396522522,0.0,0.0
1740518081,668688519,,0.19206970930099487,0.0,0.9596884250640869,0.0,0.0
1740518081,682312726,,0.19206970930099487,0.0,0.9078994393348694,0.0,0.0
1740518081,718175021,,0.1779831051826477,0.0,0.9078994393348694,0.0,0.0
1740518081,722029621,,0.16036435961723328,0.0,0.9078994393348694,0.0,0.0
1740518081,744751875,,0.14275610446929932,0.0,0.9078994393348694,0.0,0.0
1740518081,780027571,,0.13923445343971252,0.0,0.9078994393348694,0.0,0.0
1740518081,798679638,,0.1251373589038849,0.0,0.9078994393348694,0.0,0.0
1740518081,843467467,,0.1216157078742981,0.0,0.9078994393348694,0.0,0.0
1740518081,880044105,,0.11457240581512451,0.0,0.9078994393348694,0.0,0.0
1740518081,907440200,,0.09696415066719055,0.0,0.9078994393348694,0.0,0.0
1740518081,930022676,,0.06878046691417694,0.0,1.1150553226470947,0.0,0.0
1740518081,938673326,,0.03707512468099594,0.0,1.1150553226470947,0.0,0.0
1740518081,947292072,,0.00890191551297903,0.0,1.1150553226470947,0.0,0.0
1740518081,961026968,,0.0,0.0,1.1150553226470947,0.0,0.0
1740518081,977518628,,0.0,0.0,1.2187875509262085,0.0,0.0
1740518082,46693239,,0.0,0.0,1.2187875509262085,0.0,0.0
1740518082,79823121,,0.0,0.0,1.3741543292999268,0.0,0.0
1740518082,127983559,,0.0,0.0,1.3741543292999268,0.0,0.0
1740518082,179124637,,0.0,0.0,1.3741543292999268,0.0,0.0
1740518082,234295837,,0.0,0.0,1.3741543292999268,0.0,0.0
1740518082,263474766,,0.0,0.0,1.063266396522522,0.0,0.0
1740518082,326523776,,0.0,0.0,1.425943374633789,0.0,0.0
1740518082,359410775,,0.0,0.0,1.6330993175506592,0.0,0.0
1740518082,375673921,,0.0,0.0,1.788466215133667,0.0,0.0
1740518082,392488721,,0.0,0.0,1.943987488746643,0.0,0.0
1740518082,419879663,,0.0,0.0,2.047565460205078,0.0,0.0
1740518082,472120016,,0.0,0.0,2.047565460205078,0.0,0.0
1740518082,525445341,,0.0,0.0,2.047565460205078,0.0,0.0
1740518082,578957259,,0.0,0.0,2.047565460205078,0.0,0.0
1740518082,635691771,,0.0,0.0,2.047565460205078,0.0,0.0
1740518082,672711742,,0.0,0.0,1.7366772890090942,0.0,0.0
1740518082,709109530,,0.0,0.0,1.7366772890090942,0.0,0.0
1740518082,757319697,,0.0,0.0,1.5813102722167969,0.0,0.0
1740518082,770297081,,0.0,0.0,1.5295213460922241,0.0,0.0
1740518082,792819236,,0.01594521850347519,0.0,1.425943374633789,0.0,0.0
1740518082,803335601,,0.09696415066719055,0.0,1.2705764770507812,0.0,0.0
1740518082,813728830,,0.1251373589038849,0.0,1.2705764770507812,0.0,0.0
1740518082,826911624,,0.1744614541530609,0.0,1.2705764770507812,0.0,0.0
1740518082,840654487,,0.20615631341934204,0.0,1.2705764770507812,0.0,0.0
1740518082,849932888,,0.24138329923152924,0.0,1.5295213460922241,0.0,0.0
1740518082,860466502,,0.26604533195495605,0.0,1.5295213460922241,0.0,0.0
1740518082,876225322,,0.318880558013916,0.0,1.5295213460922241,0.0,0.0
1740518082,881424033,,0.3400000035762787,0.0,1.5295213460922241,0.0,0.0
1740518082,922446957,,0.3400000035762787,0.0,1.6330993175506592,0.0,0.0
1740518082,943624202,,0.3400000035762787,0.0,1.8921984434127808,0.0,0.0
1740518083,4100609,,0.23786164820194244,0.0,1.8921984434127808,0.0,0.0
1740518083,6644604,,0.11457240581512451,0.0,1.6330993175506592,0.0,0.0
1740518083,29793229,,0.0,0.0,1.6330993175506592,0.0,0.0
1740518083,48924916,,0.0,0.0,1.5295213460922241,0.0,0.0
1740518083,58820603,,0.0,0.0,1.425943374633789,0.0,0.0
1740518083,79384050,,0.0,0.0,1.1150553226470947,0.0,0.0
1740518083,101523577,,0.0,0.0,0.9078994393348694,0.0,0.0
1740518083,122153584,,0.0,0.0,0.5971655249595642,0.0,0.0
1740518083,132920800,,0.0,0.0,0.44164445996284485,0.0,0.0
1740518083,183943988,,0.0,0.0,0.7525324821472168,0.0,0.0
1740518083,204966735,,0.0,0.0,0.9596884250640869,0.0,0.0
1740518083,215465628,,0.0,0.0,1.063266396522522,0.0,0.0
1740518083,237329472,,0.0,0.0,1.1150553226470947,0.0,0.0
1740518083,276527192,,0.005380264949053526,0.0,1.2187875509262085,0.0,0.0
1740518083,291094160,,0.03355347365140915,0.0,1.2187875509262085,0.0,0.0
1740518083,297314865,,0.06878046691417694,0.0,1.2187875509262085,0.0,0.0
1740518083,307922816,,0.11457240581512451,0.0,1.2187875509262085,0.0,0.0
1740518083,318395469,,0.16740766167640686,0.0,1.2187875509262085,0.0,0.0
1740518083,329565601,,0.1850264072418213,0.0,1.2187875509262085,0.0,0.0
1740518083,349078253,,0.22025339305400848,0.0,1.2187875509262085,0.0,0.0
1740518083,355112652,,0.24138329923152924,0.0,1.2187875509262085,0.0,0.0
1740518083,364203882,,0.27661028504371643,0.0,1.2187875509262085,0.0,0.0
1740518083,375617057,,0.30831560492515564,0.0,1.2187875509262085,0.0,0.0
1740518083,386242544,,0.3400000035762787,0.0,1.2187875509262085,0.0,0.0
1740518083,398278669,,0.3400000035762787,0.0,1.2705764770507812,0.0,0.0
1740518083,409883014,,0.3400000035762787,0.0,1.425943374633789,0.0,0.0
1740518083,418634434,,0.3400000035762787,0.0,1.5295213460922241,0.0,0.0
1740518083,429317457,,0.3400000035762787,0.0,1.6330993175506592,0.0,0.0
1740518083,440125506,,0.3400000035762787,0.0,1.8921984434127808,0.0,0.0
1740518083,455134398,,0.3400000035762787,0.0,1.943987488746643,0.0,0.0
1740518083,470650496,,0.3400000035762787,0.0,2.047565460205078,0.0,0.0
1740518083,522561437,,0.3400000035762787,0.0,2.047565460205078,0.0,0.0
1740518083,542537901,,0.3400000035762787,0.0,2.202932357788086,0.0,0.0
1740518083,553348958,,0.3400000035762787,0.0,2.202932357788086,0.0,0.0
1740518083,605631102,,0.3400000035762787,0.0,2.202932357788086,0.0,0.0
1740518083,628540237,,0.3400000035762787,0.0,2.202932357788086,0.0,0.0
1740518083,639067931,,0.3400000035762787,0.0,2.202932357788086,0.0,0.0
1740518083,660320856,,0.23786164820194244,0.0,2.202932357788086,0.0,0.0
1740518083,670195423,,0.06878046691417694,0.0,2.202932357788086,0.0,0.0
1740518083,690876119,,0.0,0.0,2.202932357788086,0.0,0.0
1740518083,743517660,,0.0,0.0,2.202932357788086,0.0,0.0
1740518083,795846749,,0.0,0.0,2.202932357788086,0.0,0.0
1740518083,854239230,,0.0,0.0,2.2547214031219482,0.0,0.0
1740518083,884267798,,0.0,0.0,1.7366772890090942,0.0,0.0
1740518083,895762606,,0.0,0.0,1.5813102722167969,0.0,0.0
1740518083,908320113,,0.0,0.0,1.425943374633789,0.0,0.0
1740518083,939058962,,0.026510171592235565,0.0,1.425943374633789,0.0,0.0
1740518083,971093471,,0.07934542000293732,0.0,1.425943374633789,0.0,0.0
1740518083,979479927,,0.14275610446929932,0.0,1.425943374633789,0.0,0.0
1740518083,996443048,,0.22025339305400848,0.0,1.425943374633789,0.0,0.0
1740518084,18058441,,0.24138329923152924,0.0,1.425943374633789,0.0,0.0
1740518084,32390814,,0.27661028504371643,0.0,1.425943374633789,0.0,0.0
1740518084,55363821,,0.2906968891620636,0.0,1.425943374633789,0.0,0.0
1740518084,94240097,,0.2554803788661957,0.0,1.425943374633789,0.0,0.0
1740518084,117600692,,0.16036435961723328,0.0,1.425943374633789,0.0,0.0
1740518084,127879167,,0.03355347365140915,0.0,1.425943374633789,0.0,0.0
1740518084,142713274,,0.0,0.0,1.2187875509262085,0.0,0.0
1740518084,151415924,,0.0,0.0,0.9596884250640869,0.0,0.0
1740518084,172021323,,0.0,0.0,0.3898554742336273,0.0,0.0
1740518084,192076027,,0.0,0.0,0.13091053068637848,0.0,0.0
1740518084,204161017,,0.0,0.0,0.0,0.0,0.0
1740518084,256358680,,0.0,0.0,0.0,0.0,0.0
1740518084,305675609,,0.0,0.0,0.0,0.0,0.0
1740518084,359118598,,0.0,0.0,0.0,0.0,0.0
1740518084,415477456,,0.0,0.0,0.0,0.0,0.0
1740518084,472768996,,0.0,0.0,0.0,0.0,0.0
1740518084,519471370,,0.0,0.0,0.0,0.0,0.0
1740518084,570945986,,0.0,0.0,0.0,0.0,0.0
1740518084,621778643,,0.0,0.0,0.0,0.0,0.0
1740518084,679516235,,0.0,0.0,0.0,0.0,0.0
1740518084,730075130,,0.0,0.0,0.0,0.0,0.0
1740518084,787295821,,0.0,0.0,0.0,0.0,0.0
1740518084,847735586,,0.0,0.0,0.0,0.0,0.0
1740518084,856016664,,0.0,0.0,0.0,0.0,0.0
1740518084,907391951,,0.0,0.0,0.0,0.0,0.0
1740518084,955069343,,0.0,0.0,0.0,0.0,0.0
1740518085,4997606,,0.0,0.0,0.0,0.0,0.0
1740518085,57944108,,0.0,0.0,0.0,0.0,0.0
1740518085,111910237,,0.0,0.0,0.0,0.0,0.0
1740518085,162570763,,0.0,0.0,0.0,0.0,0.0
1740518085,214567751,,0.0,0.0,0.0,0.0,0.0
1740518085,268377430,,0.0,0.0,0.0,0.0,0.0
1740518085,320032271,,0.0,0.0,0.0,0.0,0.0
1740518085,370303673,,0.0,0.0,0.0,0.0,0.0
1740518085,420167551,,0.0,0.0,0.0,0.0,0.0
1740518085,473876205,,0.0,0.0,0.0,0.0,0.0
1740518085,534827143,,0.0,0.0,0.0,0.0,0.0
1740518085,583979205,,0.0,0.0,0.0,0.0,0.0
1740518085,647839805,,0.0,0.0,0.0,0.0,0.0
1740518085,700177468,,0.0,0.0,0.0,0.0,0.0
1740518085,760204268,,0.0,0.0,0.0,0.0,0.0
1740518085,805795462,,0.0,0.0,0.0,0.0,0.0
1740518085,864846635,,0.0,0.0,0.0,0.0,0.0
1740518085,918826684,,0.0,0.0,0.0,0.0,0.0
1740518085,973170193,,0.0,0.0,0.0,0.0,0.0
1740518086,25152588,,0.0,0.0,0.0,0.0,0.0
1740518086,82761410,,0.0,0.0,0.0,0.0,0.0
1740518086,140060372,,0.0,0.0,0.0,0.0,0.0
1740518086,189690583,,0.0,0.0,0.0,0.0,0.0
1740518086,241925621,,0.0,0.0,0.0,0.0,0.0
1740518086,293392586,,0.0,0.0,0.0,0.0,0.0
1740518086,348259012,,0.0,0.0,0.0,0.0,0.0
1740518086,401596077,,0.0,0.0,0.0,0.0,0.0
1740518086,453812490,,0.0,0.0,0.0,0.0,0.0
1740518086,504715674,,0.0,0.0,0.0,0.0,0.0
1740518086,555755308,,0.0,0.0,0.0,0.0,0.0
1740518086,607498789,,0.0,0.0,0.0,0.0,0.0
1740518086,660703884,,0.0,0.0,0.0,0.0,0.0
1740518086,717991007,,0.0,0.0,0.0,0.0,0.0
1740518086,775930360,,0.0,0.0,0.0,0.0,0.0
1740518086,820981291,,0.0,0.0,0.0,0.0,0.0
1740518086,876210344,,0.0,0.0,0.0,0.0,0.0
1740518086,928990955,,0.0,0.0,0.0,0.0,0.0
1740518086,980145598,,0.0,0.0,0.0,0.0,0.0
1740518087,30926220,,0.0,0.0,0.0,0.0,0.0
1740518087,83891313,,0.0,0.0,0.0,0.0,0.0
1740518087,147344354,,0.0,0.0,0.0,0.0,0.0
1740518087,191533739,,0.0,0.0,0.0,0.0,0.0
1740518087,250601711,,0.0,0.0,0.0,0.0,0.0
