sec,nanosec,frame_id,steering_angle,steering_angle_velocity,speed,acceleration,jerk
1741043534,969994961,,-0.18501590192317963,0.0,1.2187875509262085,0.0,0.0
1741043535,24867084,,-0.18501590192317963,0.0,1.2187875509262085,0.0,0.0
1741043535,75703450,,-0.18501590192317963,0.0,1.2187875509262085,0.0,0.0
1741043535,127527539,,-0.18501590192317963,0.0,1.2187875509262085,0.0,0.0
1741043535,178827719,,-0.18501590192317963,0.0,1.2187875509262085,0.0,0.0
1741043535,230786817,,-0.18501590192317963,0.0,1.2187875509262085,0.0,0.0
1741043535,282468249,,-0.18501590192317963,0.0,1.2187875509262085,0.0,0.0
1741043535,333290535,,-0.18501590192317963,0.0,1.2187875509262085,0.0,0.0
1741043535,385630918,,-0.18501590192317963,0.0,1.2187875509262085,0.0,0.0
1741043535,435435561,,-0.18501590192317963,0.0,1.2187875509262085,0.0,0.0
1741043535,488660465,,-0.18501590192317963,0.0,1.2187875509262085,0.0,0.0
1741043535,538716759,,-0.18501590192317963,0.0,1.2187875509262085,0.0,0.0
1741043535,590344654,,-0.18501590192317963,0.0,1.2187875509262085,0.0,0.0
1741043535,632488573,,-0.17797259986400604,0.0,1.2187875509262085,0.0,0.0
1741043535,683619982,,-0.17797259986400604,0.0,1.2187875509262085,0.0,0.0
1741043535,724711218,,-0.1638755202293396,0.0,1.2187875509262085,0.0,0.0
1741043535,776278984,,-0.1638755202293396,0.0,1.2187875509262085,0.0,0.0
1741043535,826673329,,-0.1638755202293396,0.0,1.2187875509262085,0.0,0.0
1741043535,878594092,,-0.1638755202293396,0.0,1.2187875509262085,0.0,0.0
1741043535,929047382,,-0.1638755202293396,0.0,1.2187875509262085,0.0,0.0
1741043535,980185895,,-0.1638755202293396,0.0,1.2187875509262085,0.0,0.0
1741043536,31289848,,-0.1638755202293396,0.0,1.2187875509262085,0.0,0.0
1741043536,73900972,,-0.1603538691997528,0.0,1.2187875509262085,0.0,0.0
1741043536,125460322,,-0.1603538691997528,0.0,1.2187875509262085,0.0,0.0
1741043536,176218768,,-0.1603538691997528,0.0,1.2187875509262085,0.0,0.0
1741043536,221635203,,-0.14978891611099243,0.0,1.2187875509262085,0.0,0.0
1741043536,258966684,,-0.13922396302223206,0.0,1.2187875509262085,0.0,0.0
1741043536,280268134,,-0.06172667816281319,0.0,1.2187875509262085,0.0,0.0
1741043536,288792580,,0.0,0.0,1.2187875509262085,0.0,0.0
1741043536,339604754,,0.0,0.0,1.2187875509262085,0.0,0.0
1741043536,391594861,,0.0,0.0,1.2187875509262085,0.0,0.0
1741043536,442185464,,0.0,0.0,1.2187875509262085,0.0,0.0
1741043536,493775055,,0.0,0.0,1.2187875509262085,0.0,0.0
1741043536,544526908,,0.0,0.0,1.2187875509262085,0.0,0.0
1741043536,595402091,,0.0,0.0,1.2187875509262085,0.0,0.0
1741043536,646244473,,0.0,0.0,1.2187875509262085,0.0,0.0
1741043536,698708697,,0.0,0.0,1.2187875509262085,0.0,0.0
1741043536,751260314,,0.0,0.0,1.2187875509262085,0.0,0.0
1741043536,802977682,,0.0,0.0,1.2187875509262085,0.0,0.0
1741043536,854997613,,0.0,0.0,1.2187875509262085,0.0,0.0
1741043536,906052094,,0.0,0.0,1.2187875509262085,0.0,0.0
1741043536,956845452,,0.0,0.0,1.2187875509262085,0.0,0.0
1741043537,8690469,,0.0,0.0,1.2187875509262085,0.0,0.0
1741043537,60229051,,0.0,0.0,1.2187875509262085,0.0,0.0
1741043537,114963796,,0.0,0.0,1.2187875509262085,0.0,0.0
1741043537,160937997,,0.0,0.0,1.2187875509262085,0.0,0.0
1741043537,212256320,,0.0,0.0,1.2187875509262085,0.0,0.0
1741043537,263963096,,0.0,0.0,1.2187875509262085,0.0,0.0
1741043537,314719013,,0.0,0.0,1.2187875509262085,0.0,0.0
1741043537,365596980,,0.0,0.0,1.2187875509262085,0.0,0.0
1741043537,406254258,,0.012423567473888397,0.0,1.2187875509262085,0.0,0.0
1741043537,427629949,,0.04765055701136589,0.0,1.2187875509262085,0.0,0.0
1741043537,438154736,,0.058215510100126266,0.0,1.2187875509262085,0.0,0.0
1741043537,448573603,,0.07582376897335052,0.0,1.2187875509262085,0.0,0.0
1741043537,460452581,,0.08992084860801697,0.0,1.2187875509262085,0.0,0.0
1741043537,490087275,,0.1251373589038849,0.0,1.2187875509262085,0.0,0.0
1741043537,517739514,,0.13571280241012573,0.0,1.2187875509262085,0.0,0.0
1741043537,563738483,,0.13571280241012573,0.0,1.2187875509262085,0.0,0.0
1741043537,605567007,,0.0,0.0,1.2187875509262085,0.0,0.0
1741043537,655707909,,0.0,0.0,1.2187875509262085,0.0,0.0
1741043537,709364274,,0.0,0.0,1.2187875509262085,0.0,0.0
1741043537,760027903,,0.0,0.0,1.2187875509262085,0.0,0.0
1741043537,810859949,,0.0,0.0,1.2187875509262085,0.0,0.0
1741043537,861782428,,0.0,0.0,1.2187875509262085,0.0,0.0
1741043537,915032068,,0.0,0.0,1.2187875509262085,0.0,0.0
1741043537,964849735,,0.0,0.0,1.2187875509262085,0.0,0.0
1741043538,15766199,,0.0,0.0,1.2187875509262085,0.0,0.0
1741043538,67106666,,0.0,0.0,1.2187875509262085,0.0,0.0
1741043538,118202811,,0.0,0.0,1.2187875509262085,0.0,0.0
1741043538,169475790,,0.0,0.0,1.2187875509262085,0.0,0.0
1741043538,221936622,,0.0,0.0,1.2187875509262085,0.0,0.0
1741043538,272542906,,0.0,0.0,1.2187875509262085,0.0,0.0
1741043538,324644822,,0.0,0.0,1.2187875509262085,0.0,0.0
1741043538,375331010,,0.0,0.0,1.2187875509262085,0.0,0.0
1741043538,427803138,,0.0,0.0,1.2187875509262085,0.0,0.0
1741043538,479839165,,0.0,0.0,1.2187875509262085,0.0,0.0
1741043538,530900398,,0.0,0.0,1.2187875509262085,0.0,0.0
1741043538,581540122,,0.0,0.0,1.2187875509262085,0.0,0.0
1741043538,643674308,,-0.01945638842880726,0.0,1.2187875509262085,0.0,0.0
1741043538,654219000,,-0.03706464171409607,0.0,1.2187875509262085,0.0,0.0
1741043538,704832932,,-0.03706464171409607,0.0,1.2187875509262085,0.0,0.0
1741043538,766299078,,-0.06524833291769028,0.0,1.2187875509262085,0.0,0.0
1741043538,817580313,,-0.06524833291769028,0.0,1.2187875509262085,0.0,0.0
1741043538,858718045,,-0.03706464171409607,0.0,1.2187875509262085,0.0,0.0
1741043538,879015740,,-0.01945638842880726,0.0,1.2187875509262085,0.0,0.0
1741043538,889224364,,-0.008891434408724308,0.0,1.2187875509262085,0.0,0.0
1741043538,899450716,,0.0,0.0,1.2187875509262085,0.0,0.0
1741043538,950533069,,0.0,0.0,1.2187875509262085,0.0,0.0
1741043539,3599732,,0.0,0.0,1.2187875509262085,0.0,0.0
1741043539,35165390,,-0.026499688625335693,0.0,1.2187875509262085,0.0,0.0
1741043539,45711298,,-0.05116172507405281,0.0,1.2187875509262085,0.0,0.0
1741043539,66036929,,-0.13922396302223206,0.0,1.2187875509262085,0.0,0.0
1741043539,78188903,,-0.1603538691997528,0.0,1.2187875509262085,0.0,0.0
1741043539,98406244,,-0.18501590192317963,0.0,1.2187875509262085,0.0,0.0
1741043539,150067484,,-0.18501590192317963,0.0,1.2187875509262085,0.0,0.0
1741043539,170466876,,-0.14274561405181885,0.0,1.2187875509262085,0.0,0.0
1741043539,191008829,,0.0,0.0,1.2187875509262085,0.0,0.0
1741043539,241710506,,0.0,0.0,1.2187875509262085,0.0,0.0
1741043539,292612760,,0.0,0.0,1.2187875509262085,0.0,0.0
1741043539,343328741,,0.0,0.0,1.2187875509262085,0.0,0.0
1741043539,395132446,,0.0,0.0,1.2187875509262085,0.0,0.0
1741043539,446353520,,0.0,0.0,1.2187875509262085,0.0,0.0
1741043539,498542349,,0.0,0.0,1.2187875509262085,0.0,0.0
1741043539,550045602,,0.0,0.0,1.2187875509262085,0.0,0.0
1741043539,602403361,,0.0,0.0,1.2187875509262085,0.0,0.0
1741043539,653626516,,0.0,0.0,1.2187875509262085,0.0,0.0
1741043539,703126291,,0.0,0.0,1.2187875509262085,0.0,0.0
1741043539,755421425,,0.0,0.0,1.2187875509262085,0.0,0.0
1741043539,807147849,,0.0,0.0,1.2187875509262085,0.0,0.0
1741043539,864559679,,0.0,0.0,1.2187875509262085,0.0,0.0
1741043539,909424876,,0.0,0.0,1.2187875509262085,0.0,0.0
1741043539,960255418,,0.0,0.0,1.2187875509262085,0.0,0.0
1741043540,12049266,,0.0,0.0,1.2187875509262085,0.0,0.0
1741043540,64789461,,0.0,0.0,1.2187875509262085,0.0,0.0
1741043540,114929852,,0.0,0.0,1.2187875509262085,0.0,0.0
1741043540,135364604,,0.04765055701136589,0.0,1.2187875509262085,0.0,0.0
1741043540,147507777,,0.16036435961723328,0.0,1.2187875509262085,0.0,0.0
1741043540,158743132,,0.22377504408359528,0.0,1.2187875509262085,0.0,0.0
1741043540,179420703,,0.3224022090435028,0.0,1.2187875509262085,0.0,0.0
1741043540,191107008,,0.3400000035762787,0.0,1.2187875509262085,0.0,0.0
1741043540,241438984,,0.3400000035762787,0.0,1.2187875509262085,0.0,0.0
1741043540,295740188,,0.3400000035762787,0.0,1.2187875509262085,0.0,0.0
1741043540,348438623,,0.3400000035762787,0.0,1.2187875509262085,0.0,0.0
1741043540,402112300,,0.3400000035762787,0.0,1.2187875509262085,0.0,0.0
1741043540,452422996,,0.3400000035762787,0.0,1.2187875509262085,0.0,0.0
1741043540,482434846,,0.3400000035762787,0.0,1.0114774703979492,0.0,0.0
1741043540,533826610,,0.3400000035762787,0.0,1.0114774703979492,0.0,0.0
1741043540,584585279,,0.3400000035762787,0.0,1.0114774703979492,0.0,0.0
1741043540,636528025,,0.3400000035762787,0.0,1.0114774703979492,0.0,0.0
1741043540,686552318,,0.3400000035762787,0.0,1.0114774703979492,0.0,0.0
1741043540,737946610,,0.3400000035762787,0.0,1.0114774703979492,0.0,0.0
1741043540,788789984,,0.3400000035762787,0.0,1.0114774703979492,0.0,0.0
1741043540,840126772,,0.3400000035762787,0.0,1.0114774703979492,0.0,0.0
1741043540,870915142,,0.3400000035762787,0.0,0.9078994393348694,0.0,0.0
1741043540,911035454,,0.3400000035762787,0.0,0.8561104536056519,0.0,0.0
1741043540,962844503,,0.3400000035762787,0.0,0.8561104536056519,0.0,0.0
1741043541,14543918,,0.3400000035762787,0.0,0.8561104536056519,0.0,0.0
1741043541,66138885,,0.3400000035762787,0.0,0.8561104536056519,0.0,0.0
1741043541,116607311,,0.3400000035762787,0.0,0.8561104536056519,0.0,0.0
1741043541,167055000,,0.3400000035762787,0.0,0.8561104536056519,0.0,0.0
1741043541,219032595,,0.3400000035762787,0.0,0.8561104536056519,0.0,0.0
1741043541,269233050,,0.3400000035762787,0.0,0.8561104536056519,0.0,0.0
1741043541,310206331,,0.3400000035762787,0.0,1.166844367980957,0.0,0.0
1741043541,361115818,,0.3400000035762787,0.0,1.166844367980957,0.0,0.0
1741043541,412234683,,0.3400000035762787,0.0,1.166844367980957,0.0,0.0
1741043541,464931422,,0.3400000035762787,0.0,1.166844367980957,0.0,0.0
1741043541,514626367,,0.3400000035762787,0.0,1.166844367980957,0.0,0.0
1741043541,566060276,,0.3400000035762787,0.0,1.166844367980957,0.0,0.0
1741043541,618684149,,0.3400000035762787,0.0,1.166844367980957,0.0,0.0
1741043541,668980925,,0.3400000035762787,0.0,1.166844367980957,0.0,0.0
1741043541,720721877,,0.3400000035762787,0.0,1.166844367980957,0.0,0.0
1741043541,771235264,,0.3400000035762787,0.0,1.166844367980957,0.0,0.0
1741043541,822212431,,0.3400000035762787,0.0,1.166844367980957,0.0,0.0
1741043541,874360107,,0.3400000035762787,0.0,1.166844367980957,0.0,0.0
1741043541,925235002,,0.3400000035762787,0.0,1.166844367980957,0.0,0.0
1741043541,976354347,,0.3400000035762787,0.0,1.166844367980957,0.0,0.0
1741043542,29928055,,0.3400000035762787,0.0,1.166844367980957,0.0,0.0
1741043542,87697905,,0.3400000035762787,0.0,1.166844367980957,0.0,0.0
1741043542,132456604,,0.3400000035762787,0.0,1.166844367980957,0.0,0.0
1741043542,184202196,,0.3400000035762787,0.0,1.166844367980957,0.0,0.0
1741043542,235396294,,0.3400000035762787,0.0,1.166844367980957,0.0,0.0
1741043542,287179134,,0.3400000035762787,0.0,1.166844367980957,0.0,0.0
1741043542,340995245,,0.3400000035762787,0.0,1.166844367980957,0.0,0.0
1741043542,392418753,,0.3400000035762787,0.0,1.166844367980957,0.0,0.0
1741043542,447925794,,0.3400000035762787,0.0,1.166844367980957,0.0,0.0
1741043542,500272257,,0.3400000035762787,0.0,1.166844367980957,0.0,0.0
1741043542,552075993,,0.3400000035762787,0.0,1.166844367980957,0.0,0.0
1741043542,602992328,,0.3400000035762787,0.0,1.166844367980957,0.0,0.0
1741043542,644030922,,0.3400000035762787,0.0,1.2187875509262085,0.0,0.0
1741043542,697753880,,0.3400000035762787,0.0,1.2187875509262085,0.0,0.0
1741043542,747367545,,0.3400000035762787,0.0,1.2187875509262085,0.0,0.0
1741043542,798346376,,0.3400000035762787,0.0,1.2187875509262085,0.0,0.0
1741043542,850899209,,0.3400000035762787,0.0,1.2187875509262085,0.0,0.0
1741043542,902132891,,0.3400000035762787,0.0,1.2187875509262085,0.0,0.0
1741043542,953186635,,0.3400000035762787,0.0,1.2187875509262085,0.0,0.0
1741043542,988541295,,0.11105075478553772,0.0,1.2187875509262085,0.0,0.0
1741043543,5477161,,0.0,0.0,1.2187875509262085,0.0,0.0
1741043543,16990536,,0.0,0.0,1.0114774703979492,0.0,0.0
1741043543,69031491,,0.0,0.0,1.0114774703979492,0.0,0.0
1741043543,120350838,,0.0,0.0,1.0114774703979492,0.0,0.0
1741043543,171044674,,0.0,0.0,1.0114774703979492,0.0,0.0
1741043543,222951292,,0.0,0.0,1.0114774703979492,0.0,0.0
1741043543,273702249,,0.0,0.0,1.0114774703979492,0.0,0.0
1741043543,324227763,,0.0,0.0,1.0114774703979492,0.0,0.0
1741043543,379677268,,-0.026499688625335693,0.0,1.0114774703979492,0.0,0.0
1741043543,426640055,,-0.10399697721004486,0.0,1.0114774703979492,0.0,0.0
1741043543,437475822,,-0.12160523235797882,0.0,1.0114774703979492,0.0,0.0
1741043543,447427323,,-0.13218066096305847,0.0,1.0114774703979492,0.0,0.0
1741043543,499449462,,-0.13218066096305847,0.0,1.0114774703979492,0.0,0.0
1741043543,549439003,,-0.13218066096305847,0.0,1.0114774703979492,0.0,0.0
1741043543,600988816,,-0.13218066096305847,0.0,1.0114774703979492,0.0,0.0
1741043543,651785342,,-0.13218066096305847,0.0,1.0114774703979492,0.0,0.0
1741043543,703000720,,-0.13218066096305847,0.0,1.0114774703979492,0.0,0.0
1741043543,763994989,,0.0,0.0,1.0114774703979492,0.0,0.0
1741043543,804731532,,0.0,0.0,1.2187875509262085,0.0,0.0
1741043543,856681350,,0.0,0.0,1.2187875509262085,0.0,0.0
1741043543,909712588,,0.0,0.0,1.2187875509262085,0.0,0.0
1741043543,959425358,,0.0,0.0,1.2187875509262085,0.0,0.0
1741043544,9633717,,0.0,0.0,1.2187875509262085,0.0,0.0
1741043544,60367617,,0.0,0.0,1.2187875509262085,0.0,0.0
1741043544,111250832,,0.0,0.0,1.2187875509262085,0.0,0.0
1741043544,161906939,,0.0,0.0,1.2187875509262085,0.0,0.0
1741043544,212877195,,0.0,0.0,1.2187875509262085,0.0,0.0
1741043544,264549570,,0.0,0.0,1.2187875509262085,0.0,0.0
1741043544,315189517,,0.0,0.0,1.2187875509262085,0.0,0.0
1741043544,366928677,,0.0,0.0,1.2187875509262085,0.0,0.0
1741043544,418204440,,0.0,0.0,1.2187875509262085,0.0,0.0
1741043544,469058438,,0.0,0.0,1.2187875509262085,0.0,0.0
1741043544,519925428,,0.0,0.0,1.2187875509262085,0.0,0.0
1741043544,572850745,,0.0,0.0,1.2187875509262085,0.0,0.0
1741043544,623958985,,0.0,0.0,1.2187875509262085,0.0,0.0
1741043544,675229980,,0.0,0.0,1.2187875509262085,0.0,0.0
1741043544,705476648,,-0.015934737399220467,0.0,1.2187875509262085,0.0,0.0
1741043544,716190429,,-0.026499688625335693,0.0,1.2187875509262085,0.0,0.0
1741043544,738230543,,-0.030021339654922485,0.0,1.2187875509262085,0.0,0.0
1741043544,790903153,,-0.030021339654922485,0.0,1.2187875509262085,0.0,0.0
1741043544,840777684,,-0.030021339654922485,0.0,1.2187875509262085,0.0,0.0
1741043544,859880198,,-0.005369783844798803,0.0,1.2187875509262085,0.0,0.0
1741043544,880272166,,0.0,0.0,1.2187875509262085,0.0,0.0
1741043544,931251957,,0.0,0.0,1.2187875509262085,0.0,0.0
1741043544,982115843,,0.0,0.0,1.2187875509262085,0.0,0.0
1741043545,34268127,,0.0,0.0,1.2187875509262085,0.0,0.0
1741043545,84268068,,0.0,0.0,1.2187875509262085,0.0,0.0
1741043545,135362069,,0.0,0.0,1.2187875509262085,0.0,0.0
1741043545,187134893,,0.0,0.0,1.2187875509262085,0.0,0.0
1741043545,238603809,,0.0,0.0,1.2187875509262085,0.0,0.0
1741043545,289598225,,0.0,0.0,1.2187875509262085,0.0,0.0
1741043545,340480991,,0.0,0.0,1.2187875509262085,0.0,0.0
1741043545,393447524,,0.0,0.0,1.2187875509262085,0.0,0.0
1741043545,447312467,,0.0,0.0,1.2187875509262085,0.0,0.0
1741043545,495871048,,0.0,0.0,1.2187875509262085,0.0,0.0
1741043545,546911448,,0.0,0.0,1.2187875509262085,0.0,0.0
1741043545,599275287,,0.0,0.0,1.2187875509262085,0.0,0.0
1741043545,649380956,,0.0,0.0,1.2187875509262085,0.0,0.0
1741043545,700705455,,0.0,0.0,1.2187875509262085,0.0,0.0
1741043545,751779008,,0.0,0.0,1.2187875509262085,0.0,0.0
1741043545,804587267,,0.0,0.0,1.2187875509262085,0.0,0.0
1741043545,855275375,,0.0,0.0,1.2187875509262085,0.0,0.0
1741043545,906343744,,0.0,0.0,1.2187875509262085,0.0,0.0
1741043545,957812084,,0.0,0.0,1.2187875509262085,0.0,0.0
1741043546,8869988,,0.0,0.0,1.2187875509262085,0.0,0.0
1741043546,60162967,,0.0,0.0,1.2187875509262085,0.0,0.0
1741043546,111057894,,0.0,0.0,1.2187875509262085,0.0,0.0
1741043546,162090101,,0.0,0.0,1.2187875509262085,0.0,0.0
1741043546,213442505,,0.0,0.0,1.2187875509262085,0.0,0.0
1741043546,266154187,,0.0,0.0,1.2187875509262085,0.0,0.0
1741043546,317704129,,0.0,0.0,1.2187875509262085,0.0,0.0
1741043546,368931699,,0.0,0.0,1.2187875509262085,0.0,0.0
1741043546,420943437,,0.0,0.0,1.2187875509262085,0.0,0.0
1741043546,471103956,,0.0,0.0,1.2187875509262085,0.0,0.0
1741043546,522224452,,0.0,0.0,1.2187875509262085,0.0,0.0
1741043546,572950897,,0.0,0.0,1.2187875509262085,0.0,0.0
1741043546,623821279,,0.0,0.0,1.2187875509262085,0.0,0.0
1741043546,674909263,,0.0,0.0,1.2187875509262085,0.0,0.0
1741043546,725650780,,0.0,0.0,1.2187875509262085,0.0,0.0
1741043546,778455039,,0.0,0.0,1.2187875509262085,0.0,0.0
1741043546,828715527,,0.0,0.0,1.2187875509262085,0.0,0.0
1741043546,879300658,,0.0,0.0,1.2187875509262085,0.0,0.0
1741043546,930039454,,0.0,0.0,1.2187875509262085,0.0,0.0
1741043546,981259216,,0.0,0.0,1.2187875509262085,0.0,0.0
1741043547,32122366,,0.0,0.0,1.2187875509262085,0.0,0.0
1741043547,84163225,,0.0,0.0,1.2187875509262085,0.0,0.0
1741043547,134632643,,0.0,0.0,1.2187875509262085,0.0,0.0
1741043547,186466779,,0.0,0.0,1.2187875509262085,0.0,0.0
1741043547,237886671,,0.0,0.0,1.2187875509262085,0.0,0.0
1741043547,290177485,,0.0,0.0,1.2187875509262085,0.0,0.0
1741043547,340792728,,0.0,0.0,1.2187875509262085,0.0,0.0
1741043547,392290349,,0.0,0.0,1.2187875509262085,0.0,0.0
1741043547,443054490,,0.0,0.0,1.2187875509262085,0.0,0.0
1741043547,493917256,,0.0,0.0,1.2187875509262085,0.0,0.0
1741043547,545265595,,0.0,0.0,1.2187875509262085,0.0,0.0
1741043547,596295979,,0.0,0.0,1.2187875509262085,0.0,0.0
1741043547,648777387,,0.0,0.0,1.2187875509262085,0.0,0.0
1741043547,699548280,,0.0,0.0,1.2187875509262085,0.0,0.0
1741043547,750971116,,0.0,0.0,1.2187875509262085,0.0,0.0
1741043547,801641272,,0.0,0.0,1.2187875509262085,0.0,0.0
1741043547,842547000,,0.022988520562648773,0.0,1.2187875509262085,0.0,0.0
1741043547,863671520,,0.040607254952192307,0.0,1.2187875509262085,0.0,0.0
1741043547,873387979,,0.054693859070539474,0.0,1.2187875509262085,0.0,0.0
1741043547,893991597,,0.06525881588459015,0.0,1.2187875509262085,0.0,0.0
1741043547,915033683,,0.08287755399942398,0.0,1.2187875509262085,0.0,0.0
1741043547,945100381,,0.09344249963760376,0.0,1.2187875509262085,0.0,0.0
1741043547,965311515,,0.11105075478553772,0.0,1.2187875509262085,0.0,0.0
1741043547,986030846,,0.1251373589038849,0.0,1.2187875509262085,0.0,0.0
1741043548,6239356,,0.13571280241012573,0.0,1.2187875509262085,0.0,0.0
1741043548,26947455,,0.1533210575580597,0.0,1.2187875509262085,0.0,0.0
1741043548,38435933,,0.16388601064682007,0.0,1.2187875509262085,0.0,0.0
1741043548,58861373,,0.17093980312347412,0.0,1.2187875509262085,0.0,0.0
1741043548,82866212,,0.1779831051826477,0.0,1.2187875509262085,0.0,0.0
1741043548,109653354,,0.19559136033058167,0.0,1.2187875509262085,0.0,0.0
1741043548,130127563,,0.19911301136016846,0.0,1.2187875509262085,0.0,0.0
1741043548,151358580,,0.20615631341934204,0.0,1.2187875509262085,0.0,0.0
1741043548,171136109,,0.2132100909948349,0.0,1.2187875509262085,0.0,0.0
1741043548,222584353,,0.2167317420244217,0.0,1.2187875509262085,0.0,0.0
1741043548,273810003,,0.2167317420244217,0.0,1.2187875509262085,0.0,0.0
1741043548,324707457,,0.2167317420244217,0.0,1.2187875509262085,0.0,0.0
1741043548,375871410,,0.2167317420244217,0.0,1.2187875509262085,0.0,0.0
1741043548,406669892,,0.19559136033058167,0.0,1.2187875509262085,0.0,0.0
1741043548,427117348,,0.1779831051826477,0.0,1.2187875509262085,0.0,0.0
1741043548,437635352,,0.16388601064682007,0.0,1.2187875509262085,0.0,0.0
1741043548,459719050,,0.12866950035095215,0.0,1.2187875509262085,0.0,0.0
1741043548,469484853,,0.10752910375595093,0.0,1.2187875509262085,0.0,0.0
1741043548,480569743,,0.06525881588459015,0.0,1.2187875509262085,0.0,0.0
1741043548,490855136,,0.0,0.0,1.2187875509262085,0.0,0.0
1741043548,541285321,,0.0,0.0,1.2187875509262085,0.0,0.0
1741043548,592356281,,0.0,0.0,1.2187875509262085,0.0,0.0
1741043548,643387017,,0.0,0.0,1.2187875509262085,0.0,0.0
1741043548,694214678,,0.0,0.0,1.2187875509262085,0.0,0.0
1741043548,746003566,,0.0,0.0,1.2187875509262085,0.0,0.0
1741043548,796287766,,0.0,0.0,1.2187875509262085,0.0,0.0
1741043548,847094179,,0.0,0.0,1.2187875509262085,0.0,0.0
1741043548,888208582,,0.022988520562648773,0.0,1.2187875509262085,0.0,0.0
1741043548,898269620,,0.07230211794376373,0.0,1.2187875509262085,0.0,0.0
1741043548,908909097,,0.09344249963760376,0.0,1.2187875509262085,0.0,0.0
1741043548,919313723,,0.12866950035095215,0.0,1.2187875509262085,0.0,0.0
1741043548,929634316,,0.17093980312347412,0.0,1.2187875509262085,0.0,0.0
1741043548,950626739,,0.19559136033058167,0.0,1.2187875509262085,0.0,0.0
1741043548,963276029,,0.22377504408359528,0.0,1.2187875509262085,0.0,0.0
1741043548,971405623,,0.23433999717235565,0.0,1.2187875509262085,0.0,0.0
1741043548,981833865,,0.24842660129070282,0.0,1.2187875509262085,0.0,0.0
1741043549,2353418,,0.26956698298454285,0.0,1.2187875509262085,0.0,0.0
1741043549,23112238,,0.2942185401916504,0.0,1.2187875509262085,0.0,0.0
1741043549,33322462,,0.30479395389556885,0.0,1.2187875509262085,0.0,0.0
1741043549,53979008,,0.318880558013916,0.0,1.2187875509262085,0.0,0.0
1741043549,64288529,,0.3224022090435028,0.0,1.2187875509262085,0.0,0.0
1741043549,84755378,,0.33648881316185,0.0,1.2187875509262085,0.0,0.0
1741043549,125976726,,0.3400000035762787,0.0,1.2187875509262085,0.0,0.0
1741043549,176536480,,0.3400000035762787,0.0,1.2187875509262085,0.0,0.0
1741043549,228475450,,0.3400000035762787,0.0,1.2187875509262085,0.0,0.0
1741043549,280387859,,0.3400000035762787,0.0,1.2187875509262085,0.0,0.0
1741043549,331070847,,0.3400000035762787,0.0,1.2187875509262085,0.0,0.0
1741043549,381995630,,0.3400000035762787,0.0,1.2187875509262085,0.0,0.0
1741043549,433348993,,0.3400000035762787,0.0,1.2187875509262085,0.0,0.0
1741043549,483981452,,0.3400000035762787,0.0,1.2187875509262085,0.0,0.0
1741043549,535125341,,0.3400000035762787,0.0,1.2187875509262085,0.0,0.0
1741043549,586231182,,0.3400000035762787,0.0,1.2187875509262085,0.0,0.0
1741043549,637740163,,0.3400000035762787,0.0,1.2187875509262085,0.0,0.0
1741043549,689591099,,0.3400000035762787,0.0,1.2187875509262085,0.0,0.0
1741043549,750794299,,0.31183725595474243,0.0,1.2187875509262085,0.0,0.0
1741043549,761032651,,0.30127230286598206,0.0,1.2187875509262085,0.0,0.0
1741043549,771537054,,0.2519482374191284,0.0,1.2187875509262085,0.0,0.0
1741043549,782986012,,0.16388601064682007,0.0,1.2187875509262085,0.0,0.0
1741043549,792509700,,-0.04764007404446602,0.0,1.2187875509262085,0.0,0.0
1741043549,803990786,,0.0,0.0,1.2187875509262085,0.0,0.0
1741043549,854385387,,0.0,0.0,1.2187875509262085,0.0,0.0
1741043549,905503483,,0.0,0.0,1.2187875509262085,0.0,0.0
1741043549,957085649,,0.0,0.0,1.2187875509262085,0.0,0.0
1741043550,17445479,,0.0,0.0,1.2187875509262085,0.0,0.0
1741043550,69779269,,0.0,0.0,1.2187875509262085,0.0,0.0
1741043550,120939830,,0.0,0.0,1.2187875509262085,0.0,0.0
1741043550,170357396,,0.0,0.0,1.2187875509262085,0.0,0.0
1741043550,221268450,,0.0,0.0,1.2187875509262085,0.0,0.0
1741043550,272514612,,0.0,0.0,1.2187875509262085,0.0,0.0
1741043550,324878483,,0.0,0.0,1.2187875509262085,0.0,0.0
1741043550,375676832,,0.0,0.0,1.2187875509262085,0.0,0.0
1741043550,426796688,,0.0,0.0,1.2187875509262085,0.0,0.0
1741043550,478565480,,0.0,0.0,1.2187875509262085,0.0,0.0
1741043550,529368309,,0.0,0.0,1.2187875509262085,0.0,0.0
1741043550,580395141,,0.0,0.0,1.2187875509262085,0.0,0.0
1741043550,631164338,,0.0,0.0,1.2187875509262085,0.0,0.0
1741043550,682083296,,0.0,0.0,1.2187875509262085,0.0,0.0
1741043550,732784012,,0.0,0.0,1.2187875509262085,0.0,0.0
1741043550,784336513,,0.0,0.0,1.2187875509262085,0.0,0.0
1741043550,834787691,,0.0,0.0,1.2187875509262085,0.0,0.0
1741043550,885483639,,0.0,0.0,1.2187875509262085,0.0,0.0
1741043550,936556679,,0.0,0.0,1.2187875509262085,0.0,0.0
1741043550,987356628,,0.0,0.0,1.2187875509262085,0.0,0.0
1741043551,38265762,,0.0,0.0,1.2187875509262085,0.0,0.0
1741043551,89300530,,0.0,0.0,1.2187875509262085,0.0,0.0
1741043551,140093343,,0.0,0.0,1.2187875509262085,0.0,0.0
1741043551,191030925,,0.0,0.0,1.2187875509262085,0.0,0.0
1741043551,241745049,,0.0,0.0,1.2187875509262085,0.0,0.0
1741043551,293058668,,0.0,0.0,1.2187875509262085,0.0,0.0
1741043551,343861209,,0.0,0.0,1.2187875509262085,0.0,0.0
1741043551,394557253,,0.0,0.0,1.2187875509262085,0.0,0.0
1741043551,446353245,,0.0,0.0,1.2187875509262085,0.0,0.0
1741043551,496761894,,0.0,0.0,1.2187875509262085,0.0,0.0
1741043551,550089999,,0.0,0.0,1.2187875509262085,0.0,0.0
1741043551,598741828,,0.0,0.0,1.2187875509262085,0.0,0.0
1741043551,650988033,,0.0,0.0,1.2187875509262085,0.0,0.0
1741043551,701540619,,0.0,0.0,1.2187875509262085,0.0,0.0
1741043551,752817598,,0.0,0.0,1.2187875509262085,0.0,0.0
1741043551,803886798,,0.0,0.0,1.2187875509262085,0.0,0.0
1741043551,860129014,,0.0,0.0,1.2187875509262085,0.0,0.0
1741043551,905557001,,0.0,0.0,1.2187875509262085,0.0,0.0
1741043551,957349408,,0.0,0.0,1.2187875509262085,0.0,0.0
1741043552,17572661,,0.0,0.0,1.2187875509262085,0.0,0.0
1741043552,69559887,,0.0,0.0,1.2187875509262085,0.0,0.0
1741043552,120902530,,0.0,0.0,1.2187875509262085,0.0,0.0
1741043552,172177780,,0.0,0.0,1.2187875509262085,0.0,0.0
1741043552,223343525,,0.0,0.0,1.2187875509262085,0.0,0.0
1741043552,275241790,,0.0,0.0,1.2187875509262085,0.0,0.0
1741043552,326163212,,-0.06172667816281319,0.0,1.2187875509262085,0.0,0.0
1741043552,328355844,,-0.13922396302223206,0.0,1.2187875509262085,0.0,0.0
1741043552,348980263,,-0.2660348415374756,0.0,1.2187875509262085,0.0,0.0
1741043552,360415204,,-0.3400000035762787,0.0,1.2187875509262085,0.0,0.0
1741043552,390257803,,-0.3400000035762787,0.0,1.2187875509262085,0.0,0.0
1741043552,410699595,,-0.3400000035762787,0.0,1.0114774703979492,0.0,0.0
1741043552,461763195,,-0.3400000035762787,0.0,1.0114774703979492,0.0,0.0
1741043552,482957956,,-0.3400000035762787,0.0,1.0114774703979492,0.0,0.0
1741043552,503581222,,0.0,0.0,1.0114774703979492,0.0,0.0
1741043552,514531742,,0.0,0.0,1.2187875509262085,0.0,0.0
1741043552,565463436,,0.0,0.0,1.2187875509262085,0.0,0.0
1741043552,614973291,,0.0,0.0,1.2187875509262085,0.0,0.0
1741043552,665877177,,0.0,0.0,1.2187875509262085,0.0,0.0
1741043552,696969262,,0.030031822621822357,0.0,1.2187875509262085,0.0,0.0
1741043552,706703097,,0.11105075478553772,0.0,1.2187875509262085,0.0,0.0
1741043552,717552816,,0.1779831051826477,0.0,1.2187875509262085,0.0,0.0
1741043552,727628958,,0.2167317420244217,0.0,1.2187875509262085,0.0,0.0
1741043552,738087217,,0.27661028504371643,0.0,1.2187875509262085,0.0,0.0
1741043552,748598212,,0.3294455111026764,0.0,1.2187875509262085,0.0,0.0
1741043552,759917888,,0.3400000035762787,0.0,1.2187875509262085,0.0,0.0
1741043552,770311058,,0.3400000035762787,0.0,1.2187875509262085,0.0,0.0
1741043552,811250931,,0.3400000035762787,0.0,1.322365403175354,0.0,0.0
1741043552,831789012,,0.3400000035762787,0.0,1.3741543292999268,0.0,0.0
1741043552,852620633,,0.3400000035762787,0.0,1.3741543292999268,0.0,0.0
1741043552,874467976,,0.3400000035762787,0.0,1.4777324199676514,0.0,0.0
1741043552,926402018,,0.3400000035762787,0.0,1.2187875509262085,0.0,0.0
1741043552,945637333,,0.3400000035762787,0.0,1.4777324199676514,0.0,0.0
1741043552,966105365,,0.3400000035762787,0.0,1.5295213460922241,0.0,0.0
1741043553,17284678,,0.3400000035762787,0.0,1.5295213460922241,0.0,0.0
1741043553,67865201,,0.3400000035762787,0.0,1.5295213460922241,0.0,0.0
1741043553,88537780,,0.3400000035762787,0.0,1.5295213460922241,0.0,0.0
1741043553,139701956,,0.3400000035762787,0.0,1.5295213460922241,0.0,0.0
1741043553,180334306,,0.3400000035762787,0.0,1.5295213460922241,0.0,0.0
1741043553,190653043,,0.3400000035762787,0.0,1.5295213460922241,0.0,0.0
1741043553,241685859,,0.3400000035762787,0.0,1.5295213460922241,0.0,0.0
1741043553,292906740,,0.3400000035762787,0.0,1.5295213460922241,0.0,0.0
1741043553,313726328,,0.3400000035762787,0.0,1.322365403175354,0.0,0.0
1741043553,354951484,,0.3400000035762787,0.0,1.2187875509262085,0.0,0.0
1741043553,386377237,,0.3400000035762787,0.0,1.063266396522522,0.0,0.0
1741043553,406236207,,0.3400000035762787,0.0,1.0114774703979492,0.0,0.0
1741043553,426566830,,0.3400000035762787,0.0,1.0114774703979492,0.0,0.0
1741043553,458780527,,0.3400000035762787,0.0,0.9078994393348694,0.0,0.0
1741043553,477998529,,0.3400000035762787,0.0,0.9078994393348694,0.0,0.0
1741043553,528792206,,0.3400000035762787,0.0,0.9078994393348694,0.0,0.0
1741043553,590393330,,0.16036435961723328,0.0,0.9078994393348694,0.0,0.0
1741043553,601083111,,0.022988520562648773,0.0,1.166844367980957,0.0,0.0
1741043553,611753564,,0.0,0.0,1.166844367980957,0.0,0.0
1741043553,621936972,,0.0,0.0,1.166844367980957,0.0,0.0
1741043553,642481677,,-0.005369783844798803,0.0,1.166844367980957,0.0,0.0
1741043553,653166338,,-0.005369783844798803,0.0,1.166844367980957,0.0,0.0
1741043553,703811149,,-0.005369783844798803,0.0,1.166844367980957,0.0,0.0
1741043553,727315087,,0.0,0.0,1.166844367980957,0.0,0.0
1741043553,735276326,,0.0,0.0,1.166844367980957,0.0,0.0
1741043553,745656376,,0.0,0.0,1.166844367980957,0.0,0.0
1741043553,756432430,,0.0,0.0,1.166844367980957,0.0,0.0
1741043553,767320261,,0.0,0.0,1.166844367980957,0.0,0.0
1741043553,788173706,,0.0,0.0,1.166844367980957,0.0,0.0
1741043553,828951497,,0.0,0.0,1.166844367980957,0.0,0.0
1741043553,880442398,,-0.030021339654922485,0.0,1.166844367980957,0.0,0.0
1741043553,890976305,,-0.06172667816281319,0.0,1.166844367980957,0.0,0.0
1741043553,903552955,,-0.09343202412128448,0.0,1.166844367980957,0.0,0.0
1741043553,922568556,,-0.11808358132839203,0.0,1.166844367980957,0.0,0.0
1741043553,932670938,,-0.12865900993347168,0.0,1.166844367980957,0.0,0.0
1741043553,953776194,,-0.13218066096305847,0.0,1.166844367980957,0.0,0.0
1741043554,14858335,,-0.13922396302223206,0.0,1.166844367980957,0.0,0.0
1741043554,25060143,,-0.13922396302223206,0.0,1.166844367980957,0.0,0.0
1741043554,76218880,,-0.13922396302223206,0.0,1.166844367980957,0.0,0.0
1741043554,106821008,,-0.14274561405181885,0.0,1.166844367980957,0.0,0.0
1741043554,137844772,,-0.17797259986400604,0.0,1.166844367980957,0.0,0.0
1741043554,148053332,,-0.20614580810070038,0.0,1.166844367980957,0.0,0.0
1741043554,159328495,,-0.2202429175376892,0.0,1.166844367980957,0.0,0.0
1741043554,168827511,,-0.23080787062644958,0.0,1.166844367980957,0.0,0.0
1741043554,189432441,,-0.24137282371520996,0.0,1.166844367980957,0.0,0.0
1741043554,199905452,,-0.25193777680397034,0.0,1.166844367980957,0.0,0.0
1741043554,210493792,,-0.2625131905078888,0.0,1.166844367980957,0.0,0.0
1741043554,220689968,,-0.27307814359664917,0.0,1.166844367980957,0.0,0.0
1741043554,235864182,,-0.28716474771499634,0.0,1.166844367980957,0.0,0.0
1741043554,254047870,,-0.301261842250824,0.0,1.166844367980957,0.0,0.0
1741043554,264112620,,-0.31182679533958435,0.0,1.166844367980957,0.0,0.0
1741043554,277517855,,-0.3223917484283447,0.0,1.166844367980957,0.0,0.0
1741043554,295733127,,-0.3364783525466919,0.0,1.166844367980957,0.0,0.0
1741043554,305657043,,-0.3400000035762787,0.0,1.166844367980957,0.0,0.0
1741043554,358032241,,-0.3400000035762787,0.0,1.166844367980957,0.0,0.0
1741043554,409938635,,-0.3400000035762787,0.0,1.166844367980957,0.0,0.0
1741043554,441839624,,-0.3259133994579315,0.0,1.166844367980957,0.0,0.0
1741043554,452230202,,-0.31887009739875793,0.0,1.166844367980957,0.0,0.0
1741043554,471788401,,-0.2977401912212372,0.0,1.166844367980957,0.0,0.0
1741043554,482406469,,-0.2977401912212372,0.0,1.166844367980957,0.0,0.0
1741043554,502559138,,-0.27307814359664917,0.0,1.166844367980957,0.0,0.0
1741043554,513942847,,-0.2660348415374756,0.0,1.166844367980957,0.0,0.0
1741043554,531108987,,-0.2625131905078888,0.0,1.166844367980957,0.0,0.0
1741043554,534138012,,-0.2625131905078888,0.0,1.166844367980957,0.0,0.0
1741043554,554455099,,-0.25193777680397034,0.0,1.166844367980957,0.0,0.0
1741043554,568309939,,-0.14978891611099243,0.0,1.166844367980957,0.0,0.0
1741043554,575425889,,0.0,0.0,1.166844367980957,0.0,0.0
1741043554,626328175,,0.0,0.0,1.166844367980957,0.0,0.0
1741043554,677511488,,0.0,0.0,1.322365403175354,0.0,0.0
1741043554,698450693,,0.0,0.0,1.4777324199676514,0.0,0.0
1741043554,718499297,,0.0,0.0,1.2187875509262085,0.0,0.0
1741043554,749188882,,0.0,0.0,1.4777324199676514,0.0,0.0
1741043554,800152864,,0.0,0.0,1.4777324199676514,0.0,0.0
1741043554,853586922,,0.0,0.0,1.4777324199676514,0.0,0.0
1741043554,904175029,,-0.030021339654922485,0.0,1.4777324199676514,0.0,0.0
1741043554,913680317,,-0.07581328600645065,0.0,1.4777324199676514,0.0,0.0
1741043554,924925144,,-0.13922396302223206,0.0,1.4777324199676514,0.0,0.0
1741043554,934733380,,-0.2554698884487152,0.0,1.2187875509262085,0.0,0.0
1741043554,955893516,,-0.31182679533958435,0.0,1.2187875509262085,0.0,0.0
1741043554,965542965,,-0.3400000035762787,0.0,1.2187875509262085,0.0,0.0
1741043555,28743882,,-0.3400000035762787,0.0,1.5295213460922241,0.0,0.0
1741043555,88897598,,-0.3400000035762787,0.0,1.5295213460922241,0.0,0.0
1741043555,140018958,,-0.3400000035762787,0.0,1.5295213460922241,0.0,0.0
1741043555,191030621,,-0.3400000035762787,0.0,1.5295213460922241,0.0,0.0
1741043555,241810026,,-0.3400000035762787,0.0,1.5295213460922241,0.0,0.0
1741043555,354449309,,-0.223764568567276,0.0,1.5295213460922241,0.0,0.0
1741043555,375102079,,0.0,0.0,1.5295213460922241,0.0,0.0
1741043555,426524595,,0.0,0.0,1.5295213460922241,0.0,0.0
1741043555,477757540,,0.0,0.0,1.5295213460922241,0.0,0.0
1741043555,529789055,,0.0,0.0,1.5295213460922241,0.0,0.0
1741043555,580843374,,0.0,0.0,1.3741543292999268,0.0,0.0
1741043555,591404930,,0.0,0.0,1.322365403175354,0.0,0.0
1741043555,611818434,,0.0,0.0,1.6848883628845215,0.0,0.0
1741043555,642530642,,0.012423567473888397,0.0,1.7366772890090942,0.0,0.0
1741043555,657667352,,0.09344249963760376,0.0,1.7366772890090942,0.0,0.0
1741043555,663737339,,0.17093980312347412,0.0,1.7366772890090942,0.0,0.0
1741043555,673673000,,0.2132100909948349,0.0,1.7366772890090942,0.0,0.0
1741043555,684602368,,0.23433999717235565,0.0,1.7366772890090942,0.0,0.0
1741043555,694926609,,0.2942185401916504,0.0,1.7366772890090942,0.0,0.0
1741043555,705489477,,0.3224022090435028,0.0,1.7366772890090942,0.0,0.0
1741043555,716012216,,0.3400000035762787,0.0,1.5295213460922241,0.0,0.0
1741043555,748153752,,0.3400000035762787,0.0,1.4777324199676514,0.0,0.0
1741043555,770404396,,0.3400000035762787,0.0,1.3741543292999268,0.0,0.0
1741043555,818737470,,0.3400000035762787,0.0,1.3741543292999268,0.0,0.0
1741043555,869649036,,0.3400000035762787,0.0,1.3741543292999268,0.0,0.0
1741043555,890178125,,0.3400000035762787,0.0,1.063266396522522,0.0,0.0
1741043555,910813999,,0.31183725595474243,0.0,1.063266396522522,0.0,0.0
1741043555,921026335,,0.2871752381324768,0.0,1.063266396522522,0.0,0.0
1741043555,932110585,,0.24842660129070282,0.0,1.063266396522522,0.0,0.0
1741043555,941743458,,0.16036435961723328,0.0,1.063266396522522,0.0,0.0
1741043555,952509432,,-0.06172667816281319,0.0,1.063266396522522,0.0,0.0
1741043555,962623047,,0.0,0.0,1.063266396522522,0.0,0.0
1741043555,993459065,,0.0,0.0,1.3741543292999268,0.0,0.0
1741043556,14089851,,0.0,0.0,1.5295213460922241,0.0,0.0
1741043556,34692925,,0.0,0.0,1.5295213460922241,0.0,0.0
1741043556,55069436,,0.0,0.0,1.6848883628845215,0.0,0.0
1741043556,105809705,,0.0,0.0,1.6848883628845215,0.0,0.0
1741043556,126443499,,0.0,0.0,1.3741543292999268,0.0,0.0
1741043556,148157593,,0.0,0.0,1.063266396522522,0.0,0.0
1741043556,197953275,,0.0,0.0,1.0114774703979492,0.0,0.0
1741043556,251180130,,0.0,0.0,1.0114774703979492,0.0,0.0
1741043556,300271996,,0.0,0.0,1.0114774703979492,0.0,0.0
1741043556,352218005,,0.0,0.0,1.0114774703979492,0.0,0.0
1741043556,402094520,,0.0,0.0,1.0114774703979492,0.0,0.0
1741043556,422517208,,0.0,0.0,1.2187875509262085,0.0,0.0
1741043556,443841858,,0.0,0.0,1.3741543292999268,0.0,0.0
1741043556,466656412,,0.0,0.0,1.4777324199676514,0.0,0.0
1741043556,484080443,,0.0,0.0,1.5295213460922241,0.0,0.0
1741043556,524712632,,0.0,0.0,1.3741543292999268,0.0,0.0
1741043556,545525052,,0.022988520562648773,0.0,1.5295213460922241,0.0,0.0
1741043556,560993318,,0.07230211794376373,0.0,1.5295213460922241,0.0,0.0
1741043556,570441165,,0.10048580169677734,0.0,1.6848883628845215,0.0,0.0
1741043556,579347087,,0.1533210575580597,0.0,1.6848883628845215,0.0,0.0
1741043556,588215152,,0.1779831051826477,0.0,1.4777324199676514,0.0,0.0
1741043556,598853285,,0.19559136033058167,0.0,1.4777324199676514,0.0,0.0
1741043556,609259191,,0.2132100909948349,0.0,1.4777324199676514,0.0,0.0
1741043556,618991041,,0.22377504408359528,0.0,1.4777324199676514,0.0,0.0
1741043556,630091483,,0.23433999717235565,0.0,1.4777324199676514,0.0,0.0
1741043556,672269737,,0.24138329923152924,0.0,1.4777324199676514,0.0,0.0
1741043556,702712407,,0.24842660129070282,0.0,1.4777324199676514,0.0,0.0
1741043556,754279948,,0.24842660129070282,0.0,1.4777324199676514,0.0,0.0
1741043556,804677845,,0.24842660129070282,0.0,1.3741543292999268,0.0,0.0
1741043556,827055114,,0.24842660129070282,0.0,1.2187875509262085,0.0,0.0
1741043556,845536565,,0.24842660129070282,0.0,1.166844367980957,0.0,0.0
1741043556,899414787,,0.24842660129070282,0.0,1.166844367980957,0.0,0.0
1741043556,948175354,,0.24842660129070282,0.0,1.166844367980957,0.0,0.0
1741043556,979391376,,0.26604533195495605,0.0,1.166844367980957,0.0,0.0
1741043557,9940287,,0.27661028504371643,0.0,1.166844367980957,0.0,0.0
1741043557,30687970,,0.2871752381324768,0.0,1.166844367980957,0.0,0.0
1741043557,51408389,,0.2942185401916504,0.0,1.166844367980957,0.0,0.0
1741043557,102856889,,0.2942185401916504,0.0,1.166844367980957,0.0,0.0
1741043557,144676099,,0.2519482374191284,0.0,1.166844367980957,0.0,0.0
1741043557,154230860,,0.24138329923152924,0.0,1.166844367980957,0.0,0.0
1741043557,164813504,,0.22377504408359528,0.0,1.166844367980957,0.0,0.0
1741043557,175621750,,0.1815047562122345,0.0,1.166844367980957,0.0,0.0
1741043557,186236203,,0.14275610446929932,0.0,1.063266396522522,0.0,0.0
1741043557,196350586,,0.08287755399942398,0.0,1.063266396522522,0.0,0.0
1741043557,206889741,,-0.005369783844798803,0.0,1.063266396522522,0.0,0.0
1741043557,218392235,,0.0,0.0,1.063266396522522,0.0,0.0
1741043557,268475984,,0.0,0.0,1.063266396522522,0.0,0.0
1741043557,319685601,,0.0,0.0,1.063266396522522,0.0,0.0
1741043557,371709051,,0.0,0.0,1.3741543292999268,0.0,0.0
1741043557,392541568,,0.0,0.0,1.5295213460922241,0.0,0.0
1741043557,411885428,,0.0,0.0,1.6848883628845215,0.0,0.0
1741043557,455080621,,0.0,0.0,1.7366772890090942,0.0,0.0
1741043557,474932423,,0.0,0.0,1.8402552604675293,0.0,0.0
1741043557,525784724,,0.0,0.0,1.8402552604675293,0.0,0.0
1741043557,566947127,,0.0,0.0,1.8921984434127808,0.0,0.0
1741043557,587054868,,0.0,0.0,1.9957764148712158,0.0,0.0
1741043557,648814936,,0.0,0.0,2.047565460205078,0.0,0.0
1741043557,690594146,,0.054693859070539474,0.0,2.1511433124542236,0.0,0.0
1741043557,700405934,,0.07230211794376373,0.0,2.1511433124542236,0.0,0.0
1741043557,710847616,,0.08992084860801697,0.0,2.1511433124542236,0.0,0.0
1741043557,731303616,,0.12866950035095215,0.0,2.1511433124542236,0.0,0.0
1741043557,742162775,,0.1462777554988861,0.0,2.1511433124542236,0.0,0.0
1741043557,752716651,,0.16388601064682007,0.0,2.1511433124542236,0.0,0.0
1741043557,763550690,,0.1779831051826477,0.0,2.1511433124542236,0.0,0.0
1741043557,773333101,,0.19559136033058167,0.0,2.1511433124542236,0.0,0.0
1741043557,784664425,,0.2167317420244217,0.0,2.1511433124542236,0.0,0.0
1741043557,794054928,,0.23433999717235565,0.0,2.1511433124542236,0.0,0.0
1741043557,815055958,,0.25900202989578247,0.0,2.1511433124542236,0.0,0.0
1741043557,835437686,,0.2942185401916504,0.0,2.1511433124542236,0.0,0.0
1741043557,845360002,,0.318880558013916,0.0,2.1511433124542236,0.0,0.0
1741043557,856471420,,0.3224022090435028,0.0,2.202932357788086,0.0,0.0
1741043557,870796825,,0.3400000035762787,0.0,2.3582992553710938,0.0,0.0
1741043557,899758583,,0.3400000035762787,0.0,2.4618773460388184,0.0,0.0
1741043557,918871528,,0.3400000035762787,0.0,2.5138206481933594,0.0,0.0
1741043557,940533654,,0.3400000035762787,0.0,2.5138206481933594,0.0,0.0
1741043558,220580,,0.3400000035762787,0.0,2.5138206481933594,0.0,0.0
1741043558,31645468,,0.3400000035762787,0.0,2.617398500442505,0.0,0.0
1741043558,52437920,,0.3400000035762787,0.0,2.669187545776367,0.0,0.0
1741043558,104244920,,0.3400000035762787,0.0,2.7727653980255127,0.0,0.0
1741043558,135806610,,0.3400000035762787,0.0,2.7727653980255127,0.0,0.0
1741043558,166355296,,0.3400000035762787,0.0,2.8763434886932373,0.0,0.0
1741043558,178424453,,0.3400000035762787,0.0,2.979921340942383,0.0,0.0
1741043558,197891578,,0.3400000035762787,0.0,3.1872315406799316,0.0,0.0
1741043558,218300538,,0.3400000035762787,0.0,3.290809392929077,0.0,0.0
1741043558,249493135,,0.3400000035762787,0.0,3.3425984382629395,0.0,0.0
1741043558,290945750,,0.3400000035762787,0.0,3.4979653358459473,0.0,0.0
1741043558,312143070,,0.3400000035762787,0.0,3.601543426513672,0.0,0.0
1741043558,362536934,,0.3400000035762787,0.0,3.601543426513672,0.0,0.0
1741043558,404728629,,0.3400000035762787,0.0,3.601543426513672,0.0,0.0
1741043558,444449256,,0.3400000035762787,0.0,3.601543426513672,0.0,0.0
1741043558,485533130,,0.3400000035762787,0.0,3.653332233428955,0.0,0.0
1741043558,496431266,,0.3400000035762787,0.0,3.7570643424987793,0.0,0.0
1741043558,526489067,,0.3400000035762787,0.0,3.8088533878326416,0.0,0.0
1741043558,577890174,,0.3400000035762787,0.0,3.8088533878326416,0.0,0.0
1741043558,608494030,,0.3400000035762787,0.0,3.8088533878326416,0.0,0.0
1741043558,630299901,,0.3400000035762787,0.0,3.4979653358459473,0.0,0.0
1741043558,639983591,,0.3400000035762787,0.0,3.446176290512085,0.0,0.0
1741043558,651125985,,0.3400000035762787,0.0,3.3425984382629395,0.0,0.0
1741043558,671094812,,0.3400000035762787,0.0,3.290809392929077,0.0,0.0
1741043558,683425155,,0.24842660129070282,0.0,2.8763434886932373,0.0,0.0
1741043558,692049249,,0.16036435961723328,0.0,2.7727653980255127,0.0,0.0
1741043558,704101221,,0.0,0.0,2.7727653980255127,0.0,0.0
1741043558,713210601,,0.0,0.0,2.7727653980255127,0.0,0.0
1741043558,725449423,,-0.14274561405181885,0.0,2.7727653980255127,0.0,0.0
1741043558,738325948,,-0.2625131905078888,0.0,2.669187545776367,0.0,0.0
1741043558,747572930,,-0.3400000035762787,0.0,2.669187545776367,0.0,0.0
1741043558,768618344,,-0.3400000035762787,0.0,2.617398500442505,0.0,0.0
1741043558,799113527,,-0.3400000035762787,0.0,2.617398500442505,0.0,0.0
1741043558,810045838,,-0.3400000035762787,0.0,2.617398500442505,0.0,0.0
1741043558,830511887,,-0.3400000035762787,0.0,2.617398500442505,0.0,0.0
1741043558,851110288,,-0.3400000035762787,0.0,2.617398500442505,0.0,0.0
1741043558,901950654,,-0.3400000035762787,0.0,2.617398500442505,0.0,0.0
1741043558,932583373,,-0.3400000035762787,0.0,2.824554443359375,0.0,0.0
1741043558,964466411,,-0.3400000035762787,0.0,2.8763434886932373,0.0,0.0
1741043558,974006707,,-0.3400000035762787,0.0,3.031710386276245,0.0,0.0
1741043558,984377637,,-0.31887009739875793,0.0,3.031710386276245,0.0,0.0
1741043558,995010841,,-0.28012144565582275,0.0,3.031710386276245,0.0,0.0
1741043559,5918001,,-0.2625131905078888,0.0,3.1354424953460693,0.0,0.0
1741043559,16595334,,-0.25193777680397034,0.0,3.1354424953460693,0.0,0.0
1741043559,27255835,,-0.223764568567276,0.0,3.1354424953460693,0.0,0.0
1741043559,39931558,,-0.1991025060415268,0.0,3.1354424953460693,0.0,0.0
1741043559,49784178,,-0.14274561405181885,0.0,3.1354424953460693,0.0,0.0
1741043559,59796959,,-0.09695367515087128,0.0,3.1354424953460693,0.0,0.0
1741043559,70588886,,-0.03706464171409607,0.0,3.1354424953460693,0.0,0.0
1741043559,81233194,,-0.005369783844798803,0.0,3.1354424953460693,0.0,0.0
1741043559,94013270,,0.0,0.0,2.7727653980255127,0.0,0.0
1741043559,102922072,,0.0,0.0,2.669187545776367,0.0,0.0
1741043559,143930713,,0.13571280241012573,0.0,2.617398500442505,0.0,0.0
1741043559,154537165,,0.24138329923152924,0.0,2.617398500442505,0.0,0.0
1741043559,164761469,,0.26956698298454285,0.0,2.5138206481933594,0.0,0.0
1741043559,175406322,,0.3400000035762787,0.0,2.5138206481933594,0.0,0.0
1741043559,185889637,,0.3400000035762787,0.0,2.3582992553710938,0.0,0.0
1741043559,197557349,,0.3400000035762787,0.0,2.3065104484558105,0.0,0.0
1741043559,207056429,,0.3400000035762787,0.0,2.3065104484558105,0.0,0.0
1741043559,228320854,,0.3400000035762787,0.0,2.1511433124542236,0.0,0.0
1741043559,238682663,,0.3400000035762787,0.0,1.9957764148712158,0.0,0.0
1741043559,249294716,,0.3400000035762787,0.0,1.7366772890090942,0.0,0.0
1741043559,252676833,,0.3400000035762787,0.0,1.2187875509262085,0.0,0.0
1741043559,262488076,,0.3400000035762787,0.0,0.23448851704597473,0.0,0.0
1741043559,282700490,,0.3400000035762787,0.0,0.0,0.0,0.0
1741043559,303817233,,0.3400000035762787,0.0,0.0,0.0,0.0
1741043559,334467297,,0.3400000035762787,0.0,0.0,0.0,0.0
1741043559,354739391,,0.3400000035762787,0.0,0.0,0.0,0.0
1741043559,375769158,,0.3400000035762787,0.0,0.0,0.0,0.0
1741043559,419753000,,0.3400000035762787,0.0,0.0,0.0,0.0
1741043559,468222971,,0.3400000035762787,0.0,0.0,0.0,0.0
1741043559,519380427,,0.3400000035762787,0.0,0.0,0.0,0.0
1741043559,571753705,,0.3400000035762787,0.0,0.0,0.0,0.0
1741043559,621600907,,0.3400000035762787,0.0,0.0,0.0,0.0
1741043559,672780924,,0.3400000035762787,0.0,0.0,0.0,0.0
1741043559,723780939,,0.3400000035762787,0.0,0.0,0.0,0.0
1741043559,744640560,,0.3400000035762787,0.0,0.0,0.0,0.0
1741043559,755328453,,0.3400000035762787,0.0,0.0,0.0,0.0
1741043559,765601621,,0.3400000035762787,0.0,0.0,0.0,0.0
1741043559,786203415,,0.3400000035762787,0.0,0.1826995313167572,0.0,0.0
1741043559,797697013,,0.3400000035762787,0.0,0.3898554742336273,0.0,0.0
1741043559,808130567,,0.30127230286598206,0.0,0.7007434964179993,0.0,0.0
1741043559,818358487,,0.19559136033058167,0.0,0.9078994393348694,0.0,0.0
1741043559,829261551,,0.01594521850347519,0.0,1.0114774703979492,0.0,0.0
1741043559,839911204,,0.0,0.0,1.063266396522522,0.0,0.0
1741043559,853965534,,0.0,0.0,1.166844367980957,0.0,0.0
1741043559,902149294,,0.0,0.0,0.9078994393348694,0.0,0.0
1741043559,922423436,,0.0,0.0,0.7007434964179993,0.0,0.0
1741043559,943863927,,0.0,0.0,0.5971655249595642,0.0,0.0
1741043560,4689265,,0.0,0.0,1.063266396522522,0.0,0.0
1741043560,46225880,,0.0,0.0,1.166844367980957,0.0,0.0
1741043560,66057970,,-0.01945638842880726,0.0,1.166844367980957,0.0,0.0
1741043560,76818663,,-0.03706464171409607,0.0,1.322365403175354,0.0,0.0
1741043560,93330556,,-0.06524833291769028,0.0,1.6330993175506592,0.0,0.0
1741043560,101161874,,-0.07581328600645065,0.0,1.6848883628845215,0.0,0.0
1741043560,111822407,,-0.14274561405181885,0.0,1.6848883628845215,0.0,0.0
1741043560,123085890,,-0.1673971712589264,0.0,1.8402552604675293,0.0,0.0
1741043560,135072134,,-0.223764568567276,0.0,1.8402552604675293,0.0,0.0
1741043560,147627823,,-0.24489447474479675,0.0,1.8402552604675293,0.0,0.0
1741043560,156208429,,-0.27307814359664917,0.0,1.8402552604675293,0.0,0.0
1741043560,178225823,,-0.28012144565582275,0.0,1.8402552604675293,0.0,0.0
1741043560,187980489,,-0.29068639874458313,0.0,1.8921984434127808,0.0,0.0
1741043560,207216220,,-0.301261842250824,0.0,1.9957764148712158,0.0,0.0
1741043560,238416402,,-0.301261842250824,0.0,2.047565460205078,0.0,0.0
1741043560,260008831,,-0.301261842250824,0.0,2.1511433124542236,0.0,0.0
1741043560,280896388,,-0.2625131905078888,0.0,2.1511433124542236,0.0,0.0
1741043560,290336427,,-0.23080787062644958,0.0,2.1511433124542236,0.0,0.0
1741043560,300705661,,-0.1673971712589264,0.0,2.1511433124542236,0.0,0.0
1741043560,312142746,,-0.11808358132839203,0.0,2.1511433124542236,0.0,0.0
1741043560,326623417,,-0.05116172507405281,0.0,2.1511433124542236,0.0,0.0
1741043560,333041535,,-0.005369783844798803,0.0,2.1511433124542236,0.0,0.0
1741043560,344121112,,0.0,0.0,2.1511433124542236,0.0,0.0
1741043560,394304958,,0.0,0.0,2.1511433124542236,0.0,0.0
1741043560,444725415,,0.0,0.0,2.1511433124542236,0.0,0.0
1741043560,506828431,,0.0,0.0,1.7366772890090942,0.0,0.0
1741043560,559780467,,0.0,0.0,1.6330993175506592,0.0,0.0
1741043560,622445858,,0.08992084860801697,0.0,1.6330993175506592,0.0,0.0
1741043560,631593702,,0.16388601064682007,0.0,1.8921984434127808,0.0,0.0
1741043560,641819158,,0.19911301136016846,0.0,2.047565460205078,0.0,0.0
1741043560,653242067,,0.24842660129070282,0.0,2.047565460205078,0.0,0.0
1741043560,664935635,,0.30127230286598206,0.0,2.1511433124542236,0.0,0.0
1741043560,675677001,,0.3400000035762787,0.0,2.1511433124542236,0.0,0.0
1741043560,707076865,,0.3400000035762787,0.0,1.7366772890090942,0.0,0.0
1741043560,728965233,,0.3400000035762787,0.0,1.6330993175506592,0.0,0.0
1741043560,750319611,,0.3400000035762787,0.0,1.322365403175354,0.0,0.0
1741043560,770554137,,0.3400000035762787,0.0,1.2187875509262085,0.0,0.0
1741043560,791297340,,0.3400000035762787,0.0,1.2187875509262085,0.0,0.0
1741043560,801878672,,0.3400000035762787,0.0,1.166844367980957,0.0,0.0
1741043560,822249295,,0.3400000035762787,0.0,1.322365403175354,0.0,0.0
1741043560,844232704,,0.24138329923152924,0.0,1.322365403175354,0.0,0.0
1741043560,857607890,,0.0,0.0,1.322365403175354,0.0,0.0
1741043560,860310288,,-0.05116172507405281,0.0,1.3741543292999268,0.0,0.0
1741043560,871098726,,0.0,0.0,1.166844367980957,0.0,0.0
1741043560,921899507,,0.0,0.0,1.166844367980957,0.0,0.0
1741043560,984738723,,0.0,0.0,1.6330993175506592,0.0,0.0
1741043561,35316461,,0.0,0.0,1.6330993175506592,0.0,0.0
1741043561,86465086,,0.0,0.0,1.6330993175506592,0.0,0.0
1741043561,137790704,,0.0,0.0,1.7366772890090942,0.0,0.0
1741043561,188375674,,0.0,0.0,1.7366772890090942,0.0,0.0
1741043561,228951415,,0.0,0.0,1.8402552604675293,0.0,0.0
1741043561,270798113,,0.0,0.0,1.8921984434127808,0.0,0.0
1741043561,320546690,,0.0,0.0,1.8921984434127808,0.0,0.0
1741043561,371804724,,0.0,0.0,1.8921984434127808,0.0,0.0
1741043561,422661537,,0.0,0.0,1.8921984434127808,0.0,0.0
1741043561,454371293,,-0.04059677571058273,0.0,1.8921984434127808,0.0,0.0
1741043561,464602989,,-0.06524833291769028,0.0,1.8921984434127808,0.0,0.0
1741043561,475082623,,-0.0863887220621109,0.0,1.8921984434127808,0.0,0.0
1741043561,485466001,,-0.11808358132839203,0.0,1.8921984434127808,0.0,0.0
1741043561,495991109,,-0.13218066096305847,0.0,1.8921984434127808,0.0,0.0
1741043561,506046259,,-0.14978891611099243,0.0,1.8921984434127808,0.0,0.0
1741043561,526589588,,-0.20614580810070038,0.0,1.8921984434127808,0.0,0.0
1741043561,538666872,,-0.2202429175376892,0.0,1.8921984434127808,0.0,0.0
1741043561,547933726,,-0.24137282371520996,0.0,1.8921984434127808,0.0,0.0
1741043561,558426033,,-0.24489447474479675,0.0,1.8921984434127808,0.0,0.0
1741043561,600134458,,-0.24489447474479675,0.0,1.8921984434127808,0.0,0.0
1741043561,620473432,,-0.19558085501194,0.0,1.8921984434127808,0.0,0.0
1741043561,630414149,,-0.11104027926921844,0.0,1.8921984434127808,0.0,0.0
1741043561,642675052,,-0.005369783844798803,0.0,1.8921984434127808,0.0,0.0
1741043561,653163934,,0.0,0.0,1.8921984434127808,0.0,0.0
1741043561,703942667,,0.0,0.0,1.8921984434127808,0.0,0.0
1741043561,760174259,,0.0,0.0,1.8921984434127808,0.0,0.0
1741043561,805470755,,0.0,0.0,1.5295213460922241,0.0,0.0
1741043561,825891523,,0.0,0.0,1.4777324199676514,0.0,0.0
1741043561,847121931,,0.0,0.0,1.3741543292999268,0.0,0.0
1741043561,887591783,,0.0,0.0,1.2187875509262085,0.0,0.0
1741043561,898080026,,0.0,0.0,1.063266396522522,0.0,0.0
1741043561,918710780,,0.0,0.0,1.3741543292999268,0.0,0.0
1741043561,938874201,,0.0,0.0,1.4777324199676514,0.0,0.0
1741043561,970098287,,0.0,0.0,1.2187875509262085,0.0,0.0
1741043562,20345429,,0.0,0.0,1.2187875509262085,0.0,0.0
1741043562,71156994,,0.0,0.0,1.2187875509262085,0.0,0.0
1741043562,122016847,,0.0,0.0,1.2187875509262085,0.0,0.0
1741043562,173007550,,0.0,0.0,1.2187875509262085,0.0,0.0
1741043562,213986687,,0.0,0.0,1.5295213460922241,0.0,0.0
1741043562,234370398,,0.0,0.0,1.6330993175506592,0.0,0.0
1741043562,256000907,,0.0,0.0,1.6848883628845215,0.0,0.0
1741043562,275659714,,0.0,0.0,1.7366772890090942,0.0,0.0
1741043562,295677565,,0.0,0.0,1.8402552604675293,0.0,0.0
1741043562,360476739,,0.04765055701136589,0.0,1.8402552604675293,0.0,0.0
1741043562,368402042,,0.08992084860801697,0.0,1.8402552604675293,0.0,0.0
1741043562,381586827,,0.1251373589038849,0.0,1.8402552604675293,0.0,0.0
1741043562,389925606,,0.14275610446929932,0.0,1.8402552604675293,0.0,0.0
1741043562,400155798,,0.16388601064682007,0.0,1.8402552604675293,0.0,0.0
1741043562,410747818,,0.1815047562122345,0.0,1.8402552604675293,0.0,0.0
1741043562,431362796,,0.2132100909948349,0.0,1.8402552604675293,0.0,0.0
1741043562,443191853,,0.23081834614276886,0.0,1.8402552604675293,0.0,0.0
1741043562,452453683,,0.23433999717235565,0.0,1.8402552604675293,0.0,0.0
1741043562,465344512,,0.24842660129070282,0.0,1.8402552604675293,0.0,0.0
1741043562,484341360,,0.26604533195495605,0.0,1.8402552604675293,0.0,0.0
1741043562,496068817,,0.2871752381324768,0.0,1.8402552604675293,0.0,0.0
1741043562,516550961,,0.31183725595474243,0.0,1.8402552604675293,0.0,0.0
1741043562,525895159,,0.33648881316185,0.0,1.8402552604675293,0.0,0.0
1741043562,537037361,,0.3400000035762787,0.0,1.8402552604675293,0.0,0.0
1741043562,577125417,,0.3400000035762787,0.0,1.6330993175506592,0.0,0.0
1741043562,629628136,,0.3400000035762787,0.0,1.6330993175506592,0.0,0.0
1741043562,680777848,,0.3400000035762787,0.0,1.6330993175506592,0.0,0.0
1741043562,732291980,,0.3400000035762787,0.0,1.6330993175506592,0.0,0.0
1741043562,784187653,,0.3400000035762787,0.0,1.5295213460922241,0.0,0.0
1741043562,804562276,,0.3400000035762787,0.0,1.3741543292999268,0.0,0.0
1741043562,835121331,,0.3400000035762787,0.0,1.322365403175354,0.0,0.0
1741043562,886368644,,0.3400000035762787,0.0,1.322365403175354,0.0,0.0
1741043562,947360577,,0.3400000035762787,0.0,1.5295213460922241,0.0,0.0
1741043562,957902612,,0.3400000035762787,0.0,1.6330993175506592,0.0,0.0
1741043563,9434025,,0.3400000035762787,0.0,1.6330993175506592,0.0,0.0
1741043563,72202072,,-0.008891434408724308,0.0,1.6330993175506592,0.0,0.0
1741043563,81398269,,0.0,0.0,1.6330993175506592,0.0,0.0
1741043563,132204617,,0.0,0.0,1.6330993175506592,0.0,0.0
1741043563,183753886,,0.0,0.0,1.6330993175506592,0.0,0.0
1741043563,245103006,,0.0,0.0,1.6848883628845215,0.0,0.0
1741043563,296491953,,0.0,0.0,1.6848883628845215,0.0,0.0
1741043563,327157569,,0.0,0.0,1.7366772890090942,0.0,0.0
1741043563,347974917,,0.0,0.0,1.9957764148712158,0.0,0.0
1741043563,368639079,,0.0,0.0,2.1511433124542236,0.0,0.0
1741043563,379302204,,-0.07229163497686386,0.0,2.1511433124542236,0.0,0.0
1741043563,389965425,,-0.15331056714057922,0.0,2.3582992553710938,0.0,0.0
1741043563,401196012,,-0.2977401912212372,0.0,2.4618773460388184,0.0,0.0
1741043563,410507378,,-0.3400000035762787,0.0,2.4618773460388184,0.0,0.0
1741043563,452086489,,-0.3400000035762787,0.0,2.5138206481933594,0.0,0.0
1741043563,482284132,,-0.3400000035762787,0.0,2.617398500442505,0.0,0.0
1741043563,523842123,,-0.3400000035762787,0.0,2.7727653980255127,0.0,0.0
1741043563,544109833,,-0.3400000035762787,0.0,2.824554443359375,0.0,0.0
1741043563,566897891,,-0.3400000035762787,0.0,3.1354424953460693,0.0,0.0
1741043563,588257389,,-0.3400000035762787,0.0,3.1872315406799316,0.0,0.0
1741043563,608783630,,-0.3400000035762787,0.0,3.290809392929077,0.0,0.0
1741043563,639533695,,-0.3400000035762787,0.0,3.446176290512085,0.0,0.0
1741043563,649724974,,-0.3400000035762787,0.0,3.601543426513672,0.0,0.0
1741043563,681757613,,-0.3400000035762787,0.0,3.653332233428955,0.0,0.0
1741043563,732799676,,-0.3400000035762787,0.0,3.653332233428955,0.0,0.0
1741043563,783892748,,-0.3400000035762787,0.0,3.653332233428955,0.0,0.0
1741043563,835070428,,-0.3400000035762787,0.0,3.653332233428955,0.0,0.0
1741043563,885360835,,-0.3400000035762787,0.0,3.653332233428955,0.0,0.0
1741043563,936571476,,-0.3400000035762787,0.0,3.653332233428955,0.0,0.0
1741043563,987198783,,-0.3400000035762787,0.0,3.653332233428955,0.0,0.0
1741043564,38319695,,-0.3400000035762787,0.0,3.653332233428955,0.0,0.0
1741043564,89173340,,-0.3400000035762787,0.0,3.653332233428955,0.0,0.0
1741043564,140490574,,-0.3400000035762787,0.0,3.653332233428955,0.0,0.0
1741043564,191765503,,-0.3400000035762787,0.0,3.653332233428955,0.0,0.0
1741043564,242827247,,-0.3400000035762787,0.0,3.653332233428955,0.0,0.0
1741043564,293940895,,-0.3400000035762787,0.0,3.3425984382629395,0.0,0.0
1741043564,316713624,,-0.3400000035762787,0.0,3.290809392929077,0.0,0.0
1741043564,366992127,,-0.3400000035762787,0.0,3.290809392929077,0.0,0.0
1741043564,398144212,,-0.27307814359664917,0.0,3.1872315406799316,0.0,0.0
1741043564,408839657,,-0.026499688625335693,0.0,3.1872315406799316,0.0,0.0
1741043564,419795809,,0.0,0.0,3.1872315406799316,0.0,0.0
1741043564,470042343,,0.0,0.0,3.1872315406799316,0.0,0.0
1741043564,521163799,,0.0,0.0,3.1872315406799316,0.0,0.0
1741043564,571996772,,0.0,0.0,3.1872315406799316,0.0,0.0
1741043564,623578873,,0.0,0.0,3.1872315406799316,0.0,0.0
1741043564,673849632,,0.0,0.0,3.1872315406799316,0.0,0.0
1741043564,724877711,,0.0,0.0,3.1872315406799316,0.0,0.0
1741043564,775869469,,0.0,0.0,3.1872315406799316,0.0,0.0
1741043564,826629449,,0.0,0.0,3.1872315406799316,0.0,0.0
1741043564,879743023,,-0.06524833291769028,0.0,3.1872315406799316,0.0,0.0
1741043564,889798173,,-0.17797259986400604,0.0,3.1872315406799316,0.0,0.0
1741043564,899997837,,-0.2625131905078888,0.0,3.1872315406799316,0.0,0.0
1741043564,910900900,,-0.31887009739875793,0.0,3.031710386276245,0.0,0.0
1741043564,921500760,,-0.3400000035762787,0.0,2.979921340942383,0.0,0.0
1741043564,953164339,,-0.3400000035762787,0.0,2.824554443359375,0.0,0.0
1741043564,973235983,,-0.3400000035762787,0.0,2.7727653980255127,0.0,0.0
1741043564,994023730,,-0.3364783525466919,0.0,2.669187545776367,0.0,0.0
1741043565,14376497,,-0.2625131905078888,0.0,2.3582992553710938,0.0,0.0
1741043565,24770083,,-0.14274561405181885,0.0,2.047565460205078,0.0,0.0
1741043565,35191541,,0.0,0.0,0.7525324821472168,0.0,0.0
1741043565,46526033,,0.0,0.0,0.23448851704597473,0.0,0.0
1741043565,60963600,,0.0,0.0,0.02733256295323372,0.0,0.0
1741043565,66996850,,0.0,0.0,0.0,0.0,0.0
1741043565,120031830,,0.0,0.0,0.0,0.0,0.0
1741043565,138534177,,0.0,0.0,0.23448851704597473,0.0,0.0
1741043565,150009407,,0.0,0.0,0.3898554742336273,0.0,0.0
1741043565,164937730,,0.0,0.0,0.7007434964179993,0.0,0.0
1741043565,170955044,,0.0,0.0,1.2187875509262085,0.0,0.0
1741043565,191160129,,0.0,0.0,1.6848883628845215,0.0,0.0
1741043565,201483155,,0.0,0.0,2.047565460205078,0.0,0.0
1741043565,222010867,,0.0,0.0,2.3582992553710938,0.0,0.0
1741043565,273220644,,0.0,0.0,2.3582992553710938,0.0,0.0
1741043565,314308774,,0.0,0.0,2.047565460205078,0.0,0.0
1741043565,365660889,,0.0,0.0,2.047565460205078,0.0,0.0
1741043565,405882161,,0.0,0.0,2.3065104484558105,0.0,0.0
1741043565,461140622,,0.0,0.0,2.3065104484558105,0.0,0.0
1741043565,508877721,,0.0,0.0,2.3065104484558105,0.0,0.0
1741043565,559284641,,0.0,0.0,2.3065104484558105,0.0,0.0
1741043565,610274448,,0.0,0.0,2.3065104484558105,0.0,0.0
1741043565,630838769,,0.0,0.0,2.047565460205078,0.0,0.0
1741043565,682090626,,0.0,0.0,2.047565460205078,0.0,0.0
1741043565,732906095,,0.0,0.0,2.047565460205078,0.0,0.0
1741043565,784283137,,0.0,0.0,2.047565460205078,0.0,0.0
1741043565,835270608,,0.0,0.0,1.9957764148712158,0.0,0.0
1741043565,845935300,,0.0,0.0,1.8402552604675293,0.0,0.0
1741043565,856097748,,0.0,0.0,1.6848883628845215,0.0,0.0
1741043565,879203729,,0.0,0.0,1.6330993175506592,0.0,0.0
1741043565,938282264,,0.0,0.0,1.5295213460922241,0.0,0.0
1741043565,958922010,,0.0,0.0,1.7366772890090942,0.0,0.0
1741043566,10983636,,0.0,0.0,1.7366772890090942,0.0,0.0
1741043566,61748768,,0.0,0.0,1.7366772890090942,0.0,0.0
1741043566,121918963,,0.0,0.0,1.8402552604675293,0.0,0.0
1741043566,183029360,,0.0,0.0,1.8921984434127808,0.0,0.0
1741043566,235000873,,0.0,0.0,1.9957764148712158,0.0,0.0
1741043566,269161951,,0.0,0.0,2.047565460205078,0.0,0.0
1741043566,300567287,,0.0,0.0,2.1511433124542236,0.0,0.0
1741043566,353233464,,0.0,0.0,2.1511433124542236,0.0,0.0
1741043566,406204604,,0.0,0.0,2.1511433124542236,0.0,0.0
1741043566,457132682,,0.0,0.0,2.1511433124542236,0.0,0.0
1741043566,498510831,,0.0,0.0,2.202932357788086,0.0,0.0
1741043566,521834158,,-0.01945638842880726,0.0,2.202932357788086,0.0,0.0
1741043566,531935261,,-0.06524833291769028,0.0,2.202932357788086,0.0,0.0
1741043566,541263491,,-0.10399697721004486,0.0,2.3065104484558105,0.0,0.0
1741043566,552316764,,-0.14274561405181885,0.0,2.3065104484558105,0.0,0.0
1741043566,562658541,,-0.14978891611099243,0.0,2.3065104484558105,0.0,0.0
1741043566,613904319,,-0.14978891611099243,0.0,2.3065104484558105,0.0,0.0
1741043566,635041830,,-0.11104027926921844,0.0,2.3065104484558105,0.0,0.0
1741043566,644978387,,-0.0863887220621109,0.0,2.3065104484558105,0.0,0.0
1741043566,656388240,,-0.05116172507405281,0.0,2.3065104484558105,0.0,0.0
1741043566,669413246,,-0.008891434408724308,0.0,2.3065104484558105,0.0,0.0
1741043566,684404483,,0.0,0.0,2.3065104484558105,0.0,0.0
1741043566,729676978,,0.0,0.0,2.3065104484558105,0.0,0.0
1741043566,780349405,,0.0,0.0,2.3065104484558105,0.0,0.0
1741043566,831313515,,0.0,0.0,2.3065104484558105,0.0,0.0
1741043566,882885248,,0.0,0.0,2.3065104484558105,0.0,0.0
1741043566,935160701,,0.0,0.0,2.3065104484558105,0.0,0.0
1741043566,986284717,,0.0,0.0,2.3065104484558105,0.0,0.0
1741043567,37506237,,0.0,0.0,2.3065104484558105,0.0,0.0
1741043567,88837263,,0.0,0.0,2.3065104484558105,0.0,0.0
1741043567,140279299,,0.0,0.0,2.3065104484558105,0.0,0.0
1741043567,181052609,,0.0,0.0,2.3582992553710938,0.0,0.0
1741043567,232032175,,0.0,0.0,2.3582992553710938,0.0,0.0
1741043567,285076372,,0.0,0.0,2.3582992553710938,0.0,0.0
1741043567,337378929,,0.0,0.0,2.4618773460388184,0.0,0.0
1741043567,356015069,,0.040607254952192307,0.0,2.5138206481933594,0.0,0.0
1741043567,366231597,,0.1251373589038849,0.0,2.5138206481933594,0.0,0.0
1741043567,376849665,,0.17093980312347412,0.0,2.5138206481933594,0.0,0.0
1741043567,388674979,,0.24138329923152924,0.0,2.617398500442505,0.0,0.0
1741043567,402481562,,0.30127230286598206,0.0,2.669187545776367,0.0,0.0
1741043567,413043886,,0.3400000035762787,0.0,2.824554443359375,0.0,0.0
1741043567,425637943,,0.3400000035762787,0.0,3.031710386276245,0.0,0.0
1741043567,435173440,,0.3400000035762787,0.0,3.1872315406799316,0.0,0.0
1741043567,454825847,,0.3400000035762787,0.0,3.3425984382629395,0.0,0.0
1741043567,475782909,,0.3400000035762787,0.0,3.653332233428955,0.0,0.0
1741043567,487046296,,0.3400000035762787,0.0,3.7570643424987793,0.0,0.0
1741043567,507178932,,0.3400000035762787,0.0,3.912431240081787,0.0,0.0
1741043567,518071340,,0.3400000035762787,0.0,3.912431240081787,0.0,0.0
1741043567,528361948,,0.3400000035762787,0.0,3.9642202854156494,0.0,0.0
1741043567,548878941,,0.3400000035762787,0.0,4.1713762283325195,0.0,0.0
1741043567,590855977,,0.3400000035762787,0.0,4.430475234985352,0.0,0.0
1741043567,611910415,,0.3400000035762787,0.0,4.637631416320801,0.0,0.0
1741043567,622758406,,0.3400000035762787,0.0,4.741209030151367,0.0,0.0
1741043567,644338578,,0.3400000035762787,0.0,4.792998313903809,0.0,0.0
1741043567,674477468,,0.3400000035762787,0.0,4.792998313903809,0.0,0.0
1741043567,724780163,,0.3400000035762787,0.0,4.792998313903809,0.0,0.0
1741043567,786336709,,0.3400000035762787,0.0,4.792998313903809,0.0,0.0
1741043567,839066598,,0.3400000035762787,0.0,4.792998313903809,0.0,0.0
1741043567,888780103,,0.3400000035762787,0.0,4.792998313903809,0.0,0.0
1741043567,910238610,,0.3400000035762787,0.0,4.792998313903809,0.0,0.0
1741043567,940554046,,0.3400000035762787,0.0,4.585842132568359,0.0,0.0
1741043567,972030646,,0.3400000035762787,0.0,4.482264041900635,0.0,0.0
1741043567,992296372,,0.3400000035762787,0.0,4.430475234985352,0.0,0.0
1741043568,12014028,,0.3400000035762787,0.0,4.1713762283325195,0.0,0.0
1741043568,22478463,,0.3400000035762787,0.0,4.067798137664795,0.0,0.0
1741043568,43296643,,0.3400000035762787,0.0,3.9642202854156494,0.0,0.0
1741043568,56257713,,0.3400000035762787,0.0,3.9642202854156494,0.0,0.0
1741043568,65708856,,0.3400000035762787,0.0,3.912431240081787,0.0,0.0
1741043568,87448582,,0.3400000035762787,0.0,3.7570643424987793,0.0,0.0
1741043568,97427603,,0.3400000035762787,0.0,3.653332233428955,0.0,0.0
1741043568,107634531,,0.27661028504371643,0.0,3.601543426513672,0.0,0.0
1741043568,118296568,,0.18854805827140808,0.0,3.4979653358459473,0.0,0.0
1741043568,139740003,,0.07230211794376373,0.0,3.3425984382629395,0.0,0.0
1741043568,149673967,,0.0,0.0,3.290809392929077,0.0,0.0
1741043568,164397937,,0.0,0.0,3.290809392929077,0.0,0.0
1741043568,171058234,,0.0,0.0,3.1872315406799316,0.0,0.0
1741043568,181140872,,0.0,0.0,2.8763434886932373,0.0,0.0
1741043568,192226881,,0.0,0.0,2.7727653980255127,0.0,0.0
1741043568,205325201,,-0.03706464171409607,0.0,2.669187545776367,0.0,0.0
1741043568,213765293,,-0.06524833291769028,0.0,2.669187545776367,0.0,0.0
1741043568,235430138,,-0.0863887220621109,0.0,2.669187545776367,0.0,0.0
1741043568,247044858,,-0.0863887220621109,0.0,3.031710386276245,0.0,0.0
1741043568,266911955,,-0.0863887220621109,0.0,3.3425984382629395,0.0,0.0
1741043568,281674421,,-0.03706464171409607,0.0,3.446176290512085,0.0,0.0
1741043568,292112295,,-0.03706464171409607,0.0,3.4979653358459473,0.0,0.0
1741043568,303684614,,0.0,0.0,3.7570643424987793,0.0,0.0
1741043568,324126950,,0.0,0.0,3.7570643424987793,0.0,0.0
1741043568,375209269,,0.0,0.0,3.7570643424987793,0.0,0.0
1741043568,397304999,,0.0,0.0,3.8088533878326416,0.0,0.0
1741043568,406007270,,0.0,0.0,3.912431240081787,0.0,0.0
1741043568,419430617,,0.0,0.0,3.9642202854156494,0.0,0.0
1741043568,428972962,,0.0,0.0,4.067798137664795,0.0,0.0
1741043568,438409385,,0.0,0.0,4.1713762283325195,0.0,0.0
1741043568,448557528,,0.0,0.0,4.274954319000244,0.0,0.0
1741043568,470864652,,0.0,0.0,4.326743125915527,0.0,0.0
1741043568,481899685,,0.030031822621822357,0.0,4.326743125915527,0.0,0.0
1741043568,492555770,,0.11105075478553772,0.0,4.430475234985352,0.0,0.0
1741043568,504513757,,0.23081834614276886,0.0,4.482264041900635,0.0,0.0
1741043568,525789958,,0.3294455111026764,0.0,4.585842132568359,0.0,0.0
1741043568,537308292,,0.3400000035762787,0.0,4.585842132568359,0.0,0.0
1741043568,564205770,,0.3400000035762787,0.0,4.741209030151367,0.0,0.0
1741043568,578435302,,0.3400000035762787,0.0,4.741209030151367,0.0,0.0
1741043568,599535277,,0.3400000035762787,0.0,4.430475234985352,0.0,0.0
1741043568,630886692,,0.3400000035762787,0.0,4.326743125915527,0.0,0.0
1741043568,672808527,,0.3400000035762787,0.0,4.067798137664795,0.0,0.0
1741043568,692211524,,0.3400000035762787,0.0,3.8088533878326416,0.0,0.0
1741043568,712899846,,0.3400000035762787,0.0,3.446176290512085,0.0,0.0
1741043568,733565673,,0.3400000035762787,0.0,2.7727653980255127,0.0,0.0
1741043568,744199421,,0.3400000035762787,0.0,2.4618773460388184,0.0,0.0
1741043568,755844444,,0.0,0.0,1.8921984434127808,0.0,0.0
1741043568,767266137,,0.0,0.0,1.063266396522522,0.0,0.0
1741043568,777956495,,0.0,0.0,0.3898554742336273,0.0,0.0
1741043568,828679162,,0.0,0.0,0.9078994393348694,0.0,0.0
1741043568,839332943,,-0.06172667816281319,0.0,1.0114774703979492,0.0,0.0
1741043568,850417576,,-0.2554698884487152,0.0,1.166844367980957,0.0,0.0
1741043568,861056988,,-0.3400000035762787,0.0,1.2187875509262085,0.0,0.0
1741043568,912303694,,-0.3400000035762787,0.0,1.2187875509262085,0.0,0.0
1741043568,964191526,,-0.3400000035762787,0.0,0.9078994393348694,0.0,0.0
1741043569,5203047,,-0.3400000035762787,0.0,1.2187875509262085,0.0,0.0
1741043569,15388022,,-0.3400000035762787,0.0,1.7366772890090942,0.0,0.0
1741043569,25765480,,-0.3400000035762787,0.0,1.9957764148712158,0.0,0.0
1741043569,48237886,,-0.3400000035762787,0.0,2.3582992553710938,0.0,0.0
1741043569,70397168,,-0.3400000035762787,0.0,2.4618773460388184,0.0,0.0
1741043569,110629769,,-0.3400000035762787,0.0,2.617398500442505,0.0,0.0
1741043569,131209610,,-0.3400000035762787,0.0,2.669187545776367,0.0,0.0
1741043569,151802188,,-0.3400000035762787,0.0,2.7727653980255127,0.0,0.0
1741043569,202903771,,-0.3400000035762787,0.0,2.8763434886932373,0.0,0.0
1741043569,256337124,,-0.3400000035762787,0.0,2.979921340942383,0.0,0.0
1741043569,307365043,,-0.3400000035762787,0.0,2.979921340942383,0.0,0.0
1741043569,360127604,,-0.3400000035762787,0.0,2.979921340942383,0.0,0.0
1741043569,410128376,,-0.3400000035762787,0.0,2.979921340942383,0.0,0.0
1741043569,461166407,,-0.3400000035762787,0.0,2.979921340942383,0.0,0.0
1741043569,523589490,,-0.3400000035762787,0.0,3.031710386276245,0.0,0.0
1741043569,564959159,,-0.3400000035762787,0.0,2.7727653980255127,0.0,0.0
1741043569,595803433,,-0.3400000035762787,0.0,2.5138206481933594,0.0,0.0
1741043569,616103207,,-0.3400000035762787,0.0,2.3582992553710938,0.0,0.0
1741043569,640386929,,-0.3400000035762787,0.0,1.8921984434127808,0.0,0.0
1741043569,679936450,,-0.3400000035762787,0.0,1.7366772890090942,0.0,0.0
1741043569,711953952,,-0.3400000035762787,0.0,1.9957764148712158,0.0,0.0
1741043569,765585419,,-0.3400000035762787,0.0,1.166844367980957,0.0,0.0
1741043569,774448012,,-0.3400000035762787,0.0,0.8561104536056519,0.0,0.0
1741043569,785154114,,-0.3400000035762787,0.0,0.5452224016189575,0.0,0.0
1741043569,797817420,,-0.3400000035762787,0.0,0.1826995313167572,0.0,0.0
1741043569,806013958,,-0.14274561405181885,0.0,0.0,0.0,0.0
1741043569,827676019,,0.0,0.0,0.0,0.0,0.0
1741043569,877493013,,0.0,0.0,0.0,0.0,0.0
1741043569,908090819,,0.0,0.0,0.23448851704597473,0.0,0.0
1741043569,918904442,,0.0,0.0,1.0114774703979492,0.0,0.0
1741043569,929070505,,0.0,0.0,1.322365403175354,0.0,0.0
1741043569,939739326,,0.0,0.0,1.8921984434127808,0.0,0.0
1741043569,949767916,,0.0,0.0,2.1511433124542236,0.0,0.0
1741043570,1280096,,0.0,0.0,2.1511433124542236,0.0,0.0
1741043570,25105669,,0.0,0.0,1.6330993175506592,0.0,0.0
1741043570,44062324,,0.0,0.0,1.3741543292999268,0.0,0.0
1741043570,66390441,,0.0,0.0,0.0,0.0,0.0
1741043570,114891419,,0.0,0.0,0.0,0.0,0.0
1741043570,165807497,,0.0,0.0,0.0,0.0,0.0
1741043570,216861112,,0.0,0.0,0.0,0.0,0.0
1741043570,268905745,,0.0,0.0,0.0,0.0,0.0
1741043570,318866804,,0.0,0.0,0.0,0.0,0.0
1741043570,369612320,,0.0,0.0,0.0,0.0,0.0
1741043570,421703162,,0.0,0.0,0.0,0.0,0.0
1741043570,471211640,,0.0,0.0,0.0,0.0,0.0
1741043570,522155654,,0.0,0.0,0.0,0.0,0.0
1741043570,573527576,,0.0,0.0,0.0,0.0,0.0
1741043570,624707784,,0.0,0.0,0.0,0.0,0.0
1741043570,675554517,,0.0,0.0,0.0,0.0,0.0
1741043570,726372641,,0.0,0.0,0.0,0.0,0.0
1741043570,780322928,,0.0,0.0,0.0,0.0,0.0
1741043570,831351711,,0.0,0.0,0.0,0.0,0.0
1741043570,882592656,,0.0,0.0,0.0,0.0,0.0
1741043570,932989207,,0.0,0.0,0.0,0.0,0.0
1741043570,984118279,,0.0,0.0,0.0,0.0,0.0
1741043571,35634619,,0.0,0.0,0.0,0.0,0.0
1741043571,88557470,,0.0,0.0,0.0,0.0,0.0
1741043571,140016145,,0.0,0.0,0.0,0.0,0.0
1741043571,191028768,,0.0,0.0,0.0,0.0,0.0
1741043571,242615349,,0.0,0.0,0.0,0.0,0.0
1741043571,297946130,,0.0,0.0,0.0,0.0,0.0
1741043571,308945579,,0.0,0.0,0.0,0.0,0.0
1741043571,358597354,,0.0,0.0,0.0,0.0,0.0
1741043571,409109171,,0.0,0.0,0.0,0.0,0.0
1741043571,460129953,,0.0,0.0,0.0,0.0,0.0
1741043571,512104474,,0.0,0.0,0.0,0.0,0.0
1741043571,565116991,,0.0,0.0,0.0,0.0,0.0
1741043571,616384368,,0.0,0.0,0.0,0.0,0.0
1741043571,668699980,,0.0,0.0,0.0,0.0,0.0
1741043571,720520164,,0.0,0.0,0.0,0.0,0.0
1741043571,771244303,,0.0,0.0,0.0,0.0,0.0
1741043571,823229736,,0.0,0.0,0.0,0.0,0.0
1741043571,874109461,,0.0,0.0,0.0,0.0,0.0
1741043571,925028482,,0.0,0.0,0.0,0.0,0.0
1741043571,976033233,,0.0,0.0,0.0,0.0,0.0
1741043572,27193537,,0.0,0.0,0.0,0.0,0.0
1741043572,79237786,,0.0,0.0,0.0,0.0,0.0
1741043572,131799514,,0.0,0.0,0.0,0.0,0.0
1741043572,182322722,,0.0,0.0,0.0,0.0,0.0
1741043572,234456541,,0.0,0.0,0.0,0.0,0.0
1741043572,285231945,,0.0,0.0,0.0,0.0,0.0
1741043572,337155745,,0.0,0.0,0.0,0.0,0.0
1741043572,386946338,,0.0,0.0,0.0,0.0,0.0
1741043572,438427926,,0.0,0.0,0.0,0.0,0.0
1741043572,489102688,,0.0,0.0,0.0,0.0,0.0
1741043572,540578004,,0.0,0.0,0.0,0.0,0.0
1741043572,591247774,,0.0,0.0,0.0,0.0,0.0
1741043572,642374798,,0.0,0.0,0.0,0.0,0.0
1741043572,694070660,,0.0,0.0,0.0,0.0,0.0
1741043572,744843407,,0.0,0.0,0.0,0.0,0.0
1741043572,795932639,,0.0,0.0,0.0,0.0,0.0
1741043572,846791595,,0.0,0.0,0.0,0.0,0.0
1741043572,898734788,,0.0,0.0,0.0,0.0,0.0
1741043572,950417593,,0.0,0.0,0.0,0.0,0.0
1741043573,2526772,,0.0,0.0,0.0,0.0,0.0
1741043573,52061938,,0.0,0.0,0.0,0.0,0.0
1741043573,103088896,,0.0,0.0,0.0,0.0,0.0
1741043573,154019118,,0.0,0.0,0.0,0.0,0.0
1741043573,204982907,,0.0,0.0,0.0,0.0,0.0
1741043573,259860980,,0.0,0.0,0.0,0.0,0.0
1741043573,312140592,,0.0,0.0,0.0,0.0,0.0
1741043573,363229343,,0.0,0.0,0.0,0.0,0.0
1741043573,414624466,,0.0,0.0,0.0,0.0,0.0
1741043573,465779778,,0.0,0.0,0.0,0.0,0.0
1741043573,516797968,,0.0,0.0,0.0,0.0,0.0
1741043573,570507068,,0.0,0.0,0.0,0.0,0.0
1741043573,622084176,,0.0,0.0,0.0,0.0,0.0
1741043573,673172735,,0.0,0.0,0.0,0.0,0.0
1741043573,726829067,,0.0,0.0,0.0,0.0,0.0
1741043573,777203346,,0.0,0.0,0.0,0.0,0.0
1741043573,828302753,,0.0,0.0,0.0,0.0,0.0
1741043573,879936406,,0.0,0.0,0.0,0.0,0.0
1741043573,930739586,,0.0,0.0,0.0,0.0,0.0
1741043573,982264278,,0.0,0.0,0.0,0.0,0.0
1741043574,33550535,,0.0,0.0,0.0,0.0,0.0
1741043574,84585622,,0.0,0.0,0.0,0.0,0.0
1741043574,135370242,,0.0,0.0,0.0,0.0,0.0
1741043574,187825792,,0.0,0.0,0.0,0.0,0.0
1741043574,238510250,,0.0,0.0,0.0,0.0,0.0
1741043574,289752187,,0.0,0.0,0.0,0.0,0.0
1741043574,340555463,,0.0,0.0,0.0,0.0,0.0
1741043574,392130619,,0.0,0.0,0.0,0.0,0.0
1741043574,442830950,,0.0,0.0,0.0,0.0,0.0
1741043574,494883040,,0.0,0.0,0.0,0.0,0.0
1741043574,544904163,,0.0,0.0,0.0,0.0,0.0
1741043574,596288342,,0.0,0.0,0.0,0.0,0.0
1741043574,648682835,,0.0,0.0,0.0,0.0,0.0
1741043574,699801282,,0.0,0.0,0.0,0.0,0.0
1741043574,749633060,,0.0,0.0,0.0,0.0,0.0
1741043574,800413167,,0.0,0.0,0.0,0.0,0.0
1741043574,851721537,,0.0,0.0,0.0,0.0,0.0
1741043574,903884828,,0.0,0.0,0.0,0.0,0.0
1741043574,954406373,,0.0,0.0,0.0,0.0,0.0
1741043575,5542196,,0.0,0.0,0.0,0.0,0.0
1741043575,58155636,,0.0,0.0,0.0,0.0,0.0
1741043575,111829279,,0.0,0.0,0.0,0.0,0.0
1741043575,161033690,,0.0,0.0,0.0,0.0,0.0
1741043575,213981917,,0.0,0.0,0.0,0.0,0.0
1741043575,262462511,,0.0,0.0,0.0,0.0,0.0
1741043575,314876045,,0.0,0.0,0.0,0.0,0.0
1741043575,367241002,,0.0,0.0,0.0,0.0,0.0
1741043575,417950645,,0.0,0.0,0.0,0.0,0.0
1741043575,469185862,,0.0,0.0,0.0,0.0,0.0
1741043575,521357888,,0.0,0.0,0.0,0.0,0.0
1741043575,571979850,,0.0,0.0,0.0,0.0,0.0
1741043575,623292156,,0.0,0.0,0.0,0.0,0.0
1741043575,674864016,,0.0,0.0,0.0,0.0,0.0
1741043575,726079553,,0.0,0.0,0.0,0.0,0.0
1741043575,777566708,,0.0,0.0,0.0,0.0,0.0
1741043575,828902086,,0.0,0.0,0.0,0.0,0.0
1741043575,879660081,,0.0,0.0,0.0,0.0,0.0
1741043575,932690133,,0.0,0.0,0.0,0.0,0.0
1741043575,983573794,,0.0,0.0,0.0,0.0,0.0
1741043576,33801448,,0.0,0.0,0.0,0.0,0.0
1741043576,85767584,,0.0,0.0,0.0,0.0,0.0
1741043576,138397280,,0.0,0.0,0.0,0.0,0.0
1741043576,189156875,,0.0,0.0,0.0,0.0,0.0
1741043576,241172005,,0.0,0.0,0.0,0.0,0.0
1741043576,294267594,,0.0,0.0,0.0,0.0,0.0
1741043576,346443076,,0.0,0.0,0.0,0.0,0.0
1741043576,397081006,,0.0,0.0,0.0,0.0,0.0
1741043576,418032468,,0.0,0.0,0.0,0.0,0.0
1741043576,468946561,,0.0,0.0,0.0,0.0,0.0
1741043576,520596502,,0.0,0.0,0.0,0.0,0.0
1741043576,571288929,,0.0,0.0,0.0,0.0,0.0
1741043576,622412944,,0.0,0.0,0.0,0.0,0.0
1741043576,676223549,,0.0,0.0,0.0,0.0,0.0
1741043576,725247637,,0.0,0.0,0.0,0.0,0.0
1741043576,776225603,,0.0,0.0,0.0,0.0,0.0
1741043576,826952078,,0.0,0.0,0.0,0.0,0.0
1741043576,878841574,,0.0,0.0,0.0,0.0,0.0
1741043576,930145431,,0.0,0.0,0.0,0.0,0.0
1741043576,981192229,,0.0,0.0,0.0,0.0,0.0
1741043577,33231711,,0.0,0.0,0.0,0.0,0.0
1741043577,83838696,,0.0,0.0,0.0,0.0,0.0
1741043577,135413725,,0.0,0.0,0.0,0.0,0.0
1741043577,185948966,,0.0,0.0,0.0,0.0,0.0
1741043577,236911123,,0.0,0.0,0.0,0.0,0.0
1741043577,287952866,,0.0,0.0,0.0,0.0,0.0
1741043577,329371079,,0.0,0.0,-0.07896740734577179,0.0,0.0
1741043577,350695312,,0.0,0.0,-0.23433437943458557,0.0,0.0
1741043577,371370994,,0.0,0.0,-0.2861233651638031,0.0,0.0
1741043577,382082919,,0.0,0.0,-0.38970130681991577,0.0,0.0
1741043577,404000727,,0.0,0.0,-0.597011387348175,0.0,0.0
1741043577,418051921,,0.0,0.0,-0.7523783445358276,0.0,0.0
1741043577,433892638,,0.0,0.0,-0.9077453017234802,0.0,0.0
1741043577,496736590,,0.0,0.0,-1.4257893562316895,0.0,0.0
1741043577,538542455,,0.0,0.0,-1.1149011850357056,0.0,0.0
1741043577,558995959,,0.0,0.0,-1.0631122589111328,0.0,0.0
1741043577,590886516,,0.0,0.0,-0.9595342874526978,0.0,0.0
1741043577,641761952,,0.0,0.0,-0.9595342874526978,0.0,0.0
1741043577,681637557,,0.0,0.0,-0.9077453017234802,0.0,0.0
1741043577,694200254,,0.0,0.0,-0.8559563159942627,0.0,0.0
1741043577,716309232,,0.0,0.0,-0.7523783445358276,0.0,0.0
1741043577,765836270,,0.0,0.0,-0.7523783445358276,0.0,0.0
1741043577,817988712,,0.0,0.0,-0.7523783445358276,0.0,0.0
1741043577,868950262,,0.0,0.0,-0.7523783445358276,0.0,0.0
1741043577,909804341,,-0.030021339654922485,0.0,-0.7523783445358276,0.0,0.0
1741043577,921863545,,-0.04764007404446602,0.0,-0.7523783445358276,0.0,0.0
1741043577,931635716,,-0.08286707103252411,0.0,-0.7523783445358276,0.0,0.0
1741043577,941671825,,-0.10751862823963165,0.0,-0.7523783445358276,0.0,0.0
1741043577,952070275,,-0.13218066096305847,0.0,-0.7523783445358276,0.0,0.0
1741043577,962466485,,-0.14274561405181885,0.0,-0.7005893588066101,0.0,0.0
1741043577,973139946,,-0.19558085501194,0.0,-0.7005893588066101,0.0,0.0
1741043577,983367962,,-0.223764568567276,0.0,-0.7005893588066101,0.0,0.0
1741043578,14577327,,-0.28012144565582275,0.0,-0.7005893588066101,0.0,0.0
1741043578,35378579,,-0.30830514430999756,0.0,-0.597011387348175,0.0,0.0
1741043578,47016850,,-0.31887009739875793,0.0,-0.5450682640075684,0.0,0.0
1741043578,58109611,,-0.3364783525466919,0.0,-0.5450682640075684,0.0,0.0
1741043578,67778613,,-0.3400000035762787,0.0,-0.5450682640075684,0.0,0.0
1741043578,118619393,,-0.3400000035762787,0.0,-0.5450682640075684,0.0,0.0
1741043578,140912629,,-0.3400000035762787,0.0,-0.4414902925491333,0.0,0.0
1741043578,180683048,,-0.3400000035762787,0.0,-0.4414902925491333,0.0,0.0
1741043578,190821687,,-0.2977401912212372,0.0,-0.4414902925491333,0.0,0.0
1741043578,201643661,,-0.2660348415374756,0.0,-0.4414902925491333,0.0,0.0
1741043578,212793927,,-0.24137282371520996,0.0,-0.38970130681991577,0.0,0.0
1741043578,224716490,,-0.17445094883441925,0.0,-0.38970130681991577,0.0,0.0
1741043578,233251815,,-0.13922396302223206,0.0,-0.38970130681991577,0.0,0.0
1741043578,244367681,,-0.06524833291769028,0.0,-0.38970130681991577,0.0,0.0
1741043578,254748818,,-0.030021339654922485,0.0,-0.38970130681991577,0.0,0.0
1741043578,265884620,,-0.008891434408724308,0.0,-0.38970130681991577,0.0,0.0
1741043578,285680805,,0.0,0.0,-0.38970130681991577,0.0,0.0
1741043578,309052580,,0.0,0.0,-0.2861233651638031,0.0,0.0
1741043578,378869696,,0.01594521850347519,0.0,-0.23433437943458557,0.0,0.0
1741043578,388792557,,0.06525881588459015,0.0,-0.23433437943458557,0.0,0.0
1741043578,399252287,,0.12866950035095215,0.0,-0.23433437943458557,0.0,0.0
1741043578,409527696,,0.1779831051826477,0.0,-0.23433437943458557,0.0,0.0
1741043578,421563315,,0.19911301136016846,0.0,-0.18254539370536804,0.0,0.0
1741043578,432649965,,0.26604533195495605,0.0,-0.18254539370536804,0.0,0.0
1741043578,441758960,,0.3294455111026764,0.0,-0.18254539370536804,0.0,0.0
1741043578,452906282,,0.3400000035762787,0.0,-0.18254539370536804,0.0,0.0
1741043578,504955844,,0.3400000035762787,0.0,-0.18254539370536804,0.0,0.0
1741043578,525428228,,0.3400000035762787,0.0,-0.07896740734577179,0.0,0.0
1741043578,577303483,,0.3400000035762787,0.0,-0.07896740734577179,0.0,0.0
1741043578,629881114,,0.3400000035762787,0.0,-0.07896740734577179,0.0,0.0
1741043578,659441022,,0.3400000035762787,0.0,-0.2861233651638031,0.0,0.0
1741043578,721823656,,0.3400000035762787,0.0,-0.38970130681991577,0.0,0.0
1741043578,774149764,,0.3400000035762787,0.0,-0.38970130681991577,0.0,0.0
1741043578,824116679,,0.3400000035762787,0.0,-0.38970130681991577,0.0,0.0
1741043578,867067325,,0.3400000035762787,0.0,-0.4414902925491333,0.0,0.0
1741043578,886625043,,0.3400000035762787,0.0,-0.5450682640075684,0.0,0.0
1741043578,928765760,,0.3400000035762787,0.0,-0.7005893588066101,0.0,0.0
1741043578,959266637,,0.3400000035762787,0.0,-0.7523783445358276,0.0,0.0
1741043578,990298049,,0.3400000035762787,0.0,-0.8559563159942627,0.0,0.0
1741043579,31630213,,0.3400000035762787,0.0,-0.9077453017234802,0.0,0.0
1741043579,93555946,,0.3400000035762787,0.0,-0.9595342874526978,0.0,0.0
1741043579,144680570,,0.3400000035762787,0.0,-0.9595342874526978,0.0,0.0
1741043579,195732616,,0.3400000035762787,0.0,-0.9595342874526978,0.0,0.0
1741043579,236977451,,0.3400000035762787,0.0,-0.9595342874526978,0.0,0.0
1741043579,287619829,,0.3400000035762787,0.0,-0.9595342874526978,0.0,0.0
1741043579,341026781,,0.3400000035762787,0.0,-0.9595342874526978,0.0,0.0
1741043579,361095993,,0.3400000035762787,0.0,-1.0631122589111328,0.0,0.0
1741043579,411012635,,0.3400000035762787,0.0,-1.0631122589111328,0.0,0.0
1741043579,461835719,,0.3400000035762787,0.0,-1.0631122589111328,0.0,0.0
1741043579,502824647,,0.3400000035762787,0.0,-0.7523783445358276,0.0,0.0
1741043579,535581326,,0.3400000035762787,0.0,-0.5450682640075684,0.0,0.0
1741043579,554155001,,0.3400000035762787,0.0,-0.4414902925491333,0.0,0.0
1741043579,575180447,,0.3400000035762787,0.0,-0.38970130681991577,0.0,0.0
1741043579,595206714,,0.3400000035762787,0.0,-0.2861233651638031,0.0,0.0
1741043579,646337865,,0.0,0.0,-0.23433437943458557,0.0,0.0
1741043579,697330199,,0.0,0.0,-0.23433437943458557,0.0,0.0
1741043579,718007289,,0.0,0.0,-0.07896740734577179,0.0,0.0
1741043579,759264220,,0.0,0.0,-0.027178429067134857,0.0,0.0
1741043579,779361432,,0.0,0.0,0.0,0.0,0.0
1741043579,832741824,,0.0,0.0,0.0,0.0,0.0
1741043579,884049553,,0.0,0.0,0.0,0.0,0.0
1741043579,935532228,,0.0,0.0,0.0,0.0,0.0
1741043579,986819861,,0.0,0.0,0.0,0.0,0.0
1741043580,38355625,,0.0,0.0,0.0,0.0,0.0
1741043580,90648485,,0.0,0.0,0.0,0.0,0.0
1741043580,143421574,,0.0,0.0,0.0,0.0,0.0
1741043580,197592055,,0.0,0.0,0.0,0.0,0.0
1741043580,246249131,,0.0,0.0,0.0,0.0,0.0
1741043580,297112983,,0.0,0.0,0.0,0.0,0.0
1741043580,349090640,,0.0,0.0,0.0,0.0,0.0
1741043580,403428354,,0.0,0.0,0.0,0.0,0.0
1741043580,451735794,,0.0,0.0,0.0,0.0,0.0
1741043580,501944120,,0.0,0.0,0.0,0.0,0.0
1741043580,554380565,,0.0,0.0,0.0,0.0,0.0
1741043580,603798226,,0.0,0.0,0.0,0.0,0.0
1741043580,654799199,,0.0,0.0,0.0,0.0,0.0
1741043580,705710892,,0.0,0.0,0.0,0.0,0.0
1741043580,756944509,,0.0,0.0,0.0,0.0,0.0
1741043580,808150861,,0.0,0.0,0.0,0.0,0.0
1741043580,859222971,,0.0,0.0,0.0,0.0,0.0
1741043580,909873701,,0.0,0.0,0.0,0.0,0.0
1741043580,960700849,,0.0,0.0,0.0,0.0,0.0
1741043581,11569758,,0.0,0.0,0.0,0.0,0.0
1741043581,66039025,,0.0,0.0,0.0,0.0,0.0
1741043581,118946452,,0.0,0.0,0.0,0.0,0.0
1741043581,167338725,,0.0,0.0,0.0,0.0,0.0
1741043581,219037595,,0.0,0.0,0.0,0.0,0.0
1741043581,269294624,,0.0,0.0,0.0,0.0,0.0
1741043581,320457360,,0.0,0.0,0.0,0.0,0.0
1741043581,371033753,,0.0,0.0,0.0,0.0,0.0
1741043581,423167219,,0.0,0.0,0.0,0.0,0.0
1741043581,475109707,,0.0,0.0,0.0,0.0,0.0
1741043581,526155322,,0.0,0.0,0.0,0.0,0.0
1741043581,577092871,,0.0,0.0,0.0,0.0,0.0
1741043581,629808775,,0.0,0.0,0.0,0.0,0.0
1741043581,678932096,,0.0,0.0,0.0,0.0,0.0
1741043581,729605931,,0.0,0.0,0.0,0.0,0.0
1741043581,782404492,,0.0,0.0,0.0,0.0,0.0
1741043581,832889908,,0.0,0.0,0.0,0.0,0.0
1741043581,885216144,,0.0,0.0,0.0,0.0,0.0
1741043581,904963720,,0.0,0.0,2.047565460205078,0.0,0.0
1741043581,945648165,,0.0,0.0,0.0,0.0,0.0
1741043581,996681427,,0.0,0.0,0.0,0.0,0.0
1741043582,50257821,,0.0,0.0,0.0,0.0,0.0
1741043582,98902289,,0.0,0.0,0.0,0.0,0.0
1741043582,150386084,,0.0,0.0,0.0,0.0,0.0
1741043582,201401394,,0.0,0.0,0.0,0.0,0.0
1741043582,255893574,,0.0,0.0,0.0,0.0,0.0
1741043582,283040623,,0.0,0.0,0.9078994393348694,0.0,0.0
1741043582,334677316,,0.0,0.0,0.9078994393348694,0.0,0.0
1741043582,386510107,,0.0,0.0,0.9078994393348694,0.0,0.0
1741043582,448955589,,0.0,0.0,0.44164445996284485,0.0,0.0
1741043582,501792135,,0.0,0.0,0.44164445996284485,0.0,0.0
1741043582,552793909,,0.0,0.0,0.44164445996284485,0.0,0.0
1741043582,605260691,,0.0,0.0,0.44164445996284485,0.0,0.0
1741043582,655182933,,0.0,0.0,0.44164445996284485,0.0,0.0
1741043582,706122722,,0.0,0.0,0.44164445996284485,0.0,0.0
1741043582,747986540,,0.0,0.0,0.8561104536056519,0.0,0.0
1741043582,789055405,,-0.20966745913028717,0.0,1.063266396522522,0.0,0.0
1741043582,840849635,,-0.20966745913028717,0.0,1.063266396522522,0.0,0.0
1741043582,891860049,,-0.20966745913028717,0.0,1.063266396522522,0.0,0.0
1741043582,952891596,,-0.28716474771499634,0.0,0.9078994393348694,0.0,0.0
1741043583,14565103,,-0.28716474771499634,0.0,0.9078994393348694,0.0,0.0
1741043583,65623613,,-0.28716474771499634,0.0,0.9078994393348694,0.0,0.0
1741043583,116211366,,-0.3400000035762787,0.0,1.9957764148712158,0.0,0.0
1741043583,168833830,,-0.3400000035762787,0.0,1.9957764148712158,0.0,0.0
1741043583,225189006,,-0.3400000035762787,0.0,1.9957764148712158,0.0,0.0
1741043583,281871194,,-0.3400000035762787,0.0,2.1511433124542236,0.0,0.0
1741043583,333423213,,-0.3400000035762787,0.0,2.1511433124542236,0.0,0.0
1741043583,384955425,,-0.3400000035762787,0.0,2.1511433124542236,0.0,0.0
1741043583,436033167,,-0.3400000035762787,0.0,2.1511433124542236,0.0,0.0
1741043583,488047944,,-0.3400000035762787,0.0,2.1511433124542236,0.0,0.0
1741043583,543436934,,-0.3400000035762787,0.0,2.1511433124542236,0.0,0.0
1741043583,591890552,,-0.3400000035762787,0.0,2.1511433124542236,0.0,0.0
1741043583,623960438,,0.0,0.0,1.8402552604675293,0.0,0.0
1741043583,673499988,,0.0,0.0,1.8402552604675293,0.0,0.0
1741043583,724868198,,0.0,0.0,1.8402552604675293,0.0,0.0
1741043583,776918815,,0.0,0.0,1.8402552604675293,0.0,0.0
1741043583,828130159,,0.0,0.0,1.8402552604675293,0.0,0.0
1741043583,879165405,,0.0,0.0,1.8402552604675293,0.0,0.0
1741043583,932497860,,0.0,0.0,1.8402552604675293,0.0,0.0
1741043583,987761056,,0.0,0.0,1.8402552604675293,0.0,0.0
1741043584,37026939,,0.0,0.0,1.8402552604675293,0.0,0.0
1741043584,87751654,,0.0,0.0,1.8402552604675293,0.0,0.0
1741043584,140377317,,0.0,0.0,1.8402552604675293,0.0,0.0
1741043584,189767265,,0.0,0.0,1.8402552604675293,0.0,0.0
1741043584,241629176,,0.0,0.0,1.8402552604675293,0.0,0.0
1741043584,292611430,,0.0,0.0,1.8402552604675293,0.0,0.0
1741043584,338917824,,0.0,0.0,0.7525324821472168,0.0,0.0
1741043584,354127622,,0.3400000035762787,0.0,0.0,0.0,0.0
1741043584,404838161,,0.3400000035762787,0.0,0.0,0.0,0.0
1741043584,456123425,,0.3400000035762787,0.0,0.0,0.0,0.0
1741043584,507221264,,0.3400000035762787,0.0,0.0,0.0,0.0
1741043584,558321183,,0.3400000035762787,0.0,0.0,0.0,0.0
1741043584,598874458,,0.0,0.0,0.0,0.0,0.0
1741043584,649743878,,0.0,0.0,0.0,0.0,0.0
1741043584,700769268,,0.0,0.0,0.0,0.0,0.0
1741043584,752239111,,0.0,0.0,0.0,0.0,0.0
1741043584,803725818,,0.0,0.0,0.0,0.0,0.0
1741043584,854570662,,0.0,0.0,0.0,0.0,0.0
1741043584,905117583,,0.0,0.0,0.0,0.0,0.0
1741043584,956402463,,0.0,0.0,0.0,0.0,0.0
1741043585,7593871,,0.0,0.0,0.0,0.0,0.0
1741043585,58640253,,0.0,0.0,0.0,0.0,0.0
1741043585,90099189,,0.0,0.0,0.0,0.0,0.0
1741043585,145659189,,0.0,0.0,0.0,0.0,0.0
1741043585,193768546,,0.0,0.0,0.0,0.0,0.0
1741043585,243012157,,0.0,0.0,0.0,0.0,0.0
1741043585,295373913,,0.0,0.0,0.0,0.0,0.0
1741043585,347204144,,0.0,0.0,0.0,0.0,0.0
1741043585,396570188,,0.0,0.0,0.0,0.0,0.0
1741043585,447620762,,0.0,0.0,0.0,0.0,0.0
1741043585,498661768,,0.0,0.0,0.0,0.0,0.0
1741043585,549399283,,0.0,0.0,0.0,0.0,0.0
1741043585,590278705,,0.0,0.0,0.0,0.0,0.0
1741043585,641442433,,0.0,0.0,0.0,0.0,0.0
1741043585,692890067,,0.0,0.0,0.0,0.0,0.0
1741043585,744758122,,0.0,0.0,0.0,0.0,0.0
1741043585,764038685,,-0.31887009739875793,0.0,0.0,0.0,0.0
1741043585,815397647,,-0.31887009739875793,0.0,0.0,0.0,0.0
1741043585,866202650,,-0.31887009739875793,0.0,0.0,0.0,0.0
1741043585,918294356,,-0.31887009739875793,0.0,0.0,0.0,0.0
1741043585,938650834,,-0.3400000035762787,0.0,0.0,0.0,0.0
1741043585,992482943,,-0.3400000035762787,0.0,0.0,0.0,0.0
1741043586,42392384,,-0.3400000035762787,0.0,0.0,0.0,0.0
1741043586,105205711,,-0.2625131905078888,0.0,-0.9595342874526978,0.0,0.0
1741043586,156443231,,-0.2625131905078888,0.0,-0.9595342874526978,0.0,0.0
1741043586,208045619,,-0.2625131905078888,0.0,-0.9595342874526978,0.0,0.0
1741043586,269822551,,0.0,0.0,-1.4257893562316895,0.0,0.0
1741043586,326602691,,0.0,0.0,-1.4257893562316895,0.0,0.0
1741043586,379107521,,0.0,0.0,-1.4257893562316895,0.0,0.0
1741043586,430544532,,0.0,0.0,-1.0631122589111328,0.0,0.0
1741043586,451068980,,0.3400000035762787,0.0,-0.38970130681991577,0.0,0.0
1741043586,501906080,,0.3400000035762787,0.0,-0.38970130681991577,0.0,0.0
1741043586,553258961,,0.3400000035762787,0.0,-0.38970130681991577,0.0,0.0
1741043586,573336557,,0.3400000035762787,0.0,-0.027178429067134857,0.0,0.0
1741043586,593824333,,0.3400000035762787,0.0,0.0,0.0,0.0
1741043586,647000114,,0.3400000035762787,0.0,0.0,0.0,0.0
1741043586,699321518,,0.3400000035762787,0.0,0.0,0.0,0.0
